"","title","wins","gg_bpw"
"1","$1,000,000 Duck (1971)",0,0
"2","'Round Midnight (1986)",0,0
"3","'night, Mother (1986)",0,0
"4","(500) Days of Summer (2009)",0,0
"5","10 (1979)",0,0
"6","101 Dalmatians (1996)",0,0
"7","12 Angry Men (1957)",0,0
"8","12 Years a Slave (2013)",1,1
"9","127 Hours (2010)",0,0
"10","1492: Conquest Of Paradise (1992)",0,0
"11","1776 (1972)",0,0
"12","1917 (2019)",2,1
"13","20th Century Women (2016)",0,0
"14","25th Hour (2002)",0,0
"15","40 Carats (1973)",0,0
"16","5 Fingers (1952)",1,0
"17","50/50 (2011)",0,0
"18","8 Mile (2002)",0,0
"19","99 Homes (2015)",0,0
"20","A Beautiful Day in the Neighborhood (2019)",0,0
"21","A Beautiful Mind (2001)",4,1
"22","A Bug's Life (1998)",0,0
"23","A Chorus Line: The Movie (1985)",0,0
"24","A Civil Action (1998)",0,0
"25","A Clockwork Orange (1971)",0,0
"26","A Cry in the Dark (1988)",0,0
"27","A Dangerous Method (2011)",0,0
"28","A Dangerous Woman (1993)",0,0
"29","A Delicate Balance (1973)",0,0
"30","A Dry White Season (1989)",0,0
"31","A Few Good Men (1992)",0,0
"32","A Fish Called Wanda (1988)",0,0
"33","A Funny Thing Happened on the Way to the Forum (1966)",0,0
"34","A Global Affair (1963)",0,0
"35","A Good Night, and Good Luck (2005)",0,0
"36","A Hatful of Rain (1957)",0,0
"37","A History of Violence (2005)",0,0
"38","A Ideal Husbandn (1999)",0,0
"39","A League of Their Own (1992)",0,0
"40","A Life Of Her Own (1950)",0,0
"41","A Little Romance (1979)",0,0
"42","A Love Song For Bobby Long (2004)",0,0
"43","A Man And A Woman (1966)",1,0
"44","A Man Could Get Killed (1966)",1,0
"45","A Man for All Seasons (1966)",4,1
"46","A Map of the World (1999)",0,0
"47","A Medal For Benny (1945)",1,0
"48","A Mighty Heart (2007)",0,0
"49","A Month by the Lake (1995)",0,0
"50","A Most Violent Year (2014)",0,0
"51","A New Leaf (1971)",0,0
"52","A Officer and a Gentlemann (1982)",2,0
"53","A Passage to India (1984)",2,0
"54","A Patch of Blue (1965)",0,0
"55","A Place In The Sun (1951)",1,1
"56","A Private War (2018)",0,0
"57","A Quiet Place (2018)",0,0
"58","A Raisin in the Sun (1961)",0,0
"59","A River Runs Through It (1992)",0,0
"60","A Room with a View (1986)",1,0
"61","A Serious Man (2009)",0,0
"62","A Sex, Lies, and Videotape (1989)",0,0
"63","A Simple Plan, a (1998)",0,0
"64","A Single Man (2009)",0,0
"65","A Soldier's Story (1984)",0,0
"66","A Special Day (1977)",0,0
"67","A Star Is Born (1976)",5,1
"68","A Star Is Born (2018)",1,0
"69","A Star is Born (1954)",1,0
"70","A Streetcar Named Desire (1951)",1,0
"71","A Thousand Acres (1997)",0,0
"72","A Thousand Clowns (1965)",0,0
"73","A Ticklish Affair (1963)",0,0
"74","A Time to Kill (1996)",0,0
"75","A Touch of Class (1973)",2,0
"76","A Unmarried Womann (1978)",0,0
"77","A View to a Kill (1985)",0,0
"78","A Walk in the Clouds (1995)",1,0
"79","A Wedding (1978)",0,0
"80","A Woman Under The Influence (1974)",1,0
"81","A. I.: Artificial Intelligence (2001)",0,0
"82","About Schmidt (2002)",2,0
"83","About a Boy (2002)",0,0
"84","Absence of Malice (1981)",0,0
"85","Across The Universe (2007)",0,0
"86","Act of Valor (2012)",0,0
"87","Adam's Rib (1950)",0,0
"88","Adaptation (2002)",2,0
"89","Addams Family Values (1993)",0,0
"90","Affliction (1998)",0,0
"91","After Hours (1985)",0,0
"92","Against All Odds (1984)",0,0
"93","Agnes of God (1985)",1,0
"94","Airplane! (1980)",0,0
"95","Airport (1970)",1,0
"96","Aladdin (1992)",2,0
"97","Albert Nobbs (2011)",0,0
"98","Alfie (1966)",0,0
"99","Alfie (2004)",1,0
"100","Ali (2001)",0,0
"101","Alice (1990)",0,0
"102","Alice Doesn't Live Here Anymore (1974)",0,0
"103","Alice in Wonderland (2010)",0,0
"104","Alien (1979)",0,0
"105","Aliens (1986)",0,0
"106","All About Eve (1950)",1,0
"107","All Is Lost (2013)",1,0
"108","All That Jazz (1979)",0,0
"109","All The King's Men (1949)",3,1
"110","All The Money In The World (2017)",0,0
"111","All The President's Men (1976)",0,0
"112","All The Pretty Horses (2000)",0,0
"113","All of Me (1984)",0,0
"114","Almost Famous (2000)",2,1
"115","Amadeus (1984)",4,1
"116","America America (1963)",0,0
"117","America, America (1963)",1,0
"118","American Beauty (1999)",3,1
"119","American Gangster (2007)",0,0
"120","American Gigolo (1980)",0,0
"121","American Graffiti (1973)",1,1
"122","American Hustle (2013)",3,1
"123","American Splendor (2003)",0,0
"124","American Tail (1986)",0,0
"125","Amistad (1997)",0,0
"126","An American In Paris (1951)",1,1
"127","An American Tail : Fievel Goes West (1991)",0,0
"128","An Education (2009)",0,0
"129","An Ideal Husband (1999)",0,0
"130","Analyze This (1999)",0,0
"131","Anastasia (1956)",0,0
"132","Anastasia (1997)",0,0
"133","Anatomy of a Murder (1959)",0,0
"134","And Justice For All (1979)",0,0
"135","Angela's Ashes (1999)",0,0
"136","Animal Kingdom (2010)",0,0
"137","Anna (1987)",1,0
"138","Anna Karenina (2012)",0,0
"139","Anna and the King (1999)",0,0
"140","Anne of the Thousand Days (1969)",4,1
"141","Annie (1982)",0,0
"142","Annie (2014)",0,0
"143","Annie Hall (1977)",1,0
"144","Anywhere But Here (1999)",0,0
"145","Apocalypse Now (1979)",3,0
"146","Apollo 13 (1995)",0,0
"147","Arbitrage (2012)",0,0
"148","Argo (2012)",2,1
"149","Around the World in 80 Days (1956)",2,1
"150","Arrival (2016)",0,0
"151","Arthur (1981)",4,1
"152","As Good as It Gets (1997)",3,1
"153","Ash Wednesday (1973)",0,0
"154","At Eternity's Gate (2018)",0,0
"155","At Play in the Fields of the Lord (1991)",0,0
"156","Atlantic City (1981)",0,0
"157","Atonement (2007)",2,1
"158","August: Osage County (2013)",0,0
"159","Auntie Mame (1958)",0,0
"160","Austin Powers: The Spy Who Shagged Me (1999)",0,0
"161","Author! Author! (1982)",0,0
"162","Autumn Sonata (1978)",0,0
"163","Avalon (1990)",0,0
"164","Avanti! (1972)",1,0
"165","Avatar (2009)",2,1
"166","Awakenings (1990)",0,0
"167","Away From Her (2007)",1,0
"168","Babe (1995)",1,1
"169","Babel (2006)",1,1
"170","Baby Boom (1987)",0,0
"171","Baby Doll (1956)",1,0
"172","Baby Driver (2017)",0,0
"173","Bachelor In Paradise (1961)",0,0
"174","Back To The Future (1985)",0,0
"175","Bad Santa (2003)",0,0
"176","Bandits (2001)",0,0
"177","Barfly (1987)",0,0
"178","Barney's Version (2010)",1,0
"179","Barry Lyndon (1975)",0,0
"180","Barton Fink (1991)",0,0
"181","Basic Instinct (1992)",0,0
"182","Batman (1989)",0,0
"183","Batman Forever (1995)",0,0
"184","Battle Of The Bulge (1965)",0,0
"185","Battle of the Sexes (2017)",0,0
"186","Battleground (1949)",2,0
"187","Beasts of No Nation (2015)",0,0
"188","Beautiful Boy (2018)",0,0
"189","Beauty and the Beast (1991)",3,1
"190","Becket (1964)",2,1
"191","Beethoven's 2nd (1993)",0,0
"192","Before Midnight (2013)",0,0
"193","Before Night Falls (2000)",0,0
"194","Beginners (2011)",1,0
"195","Being John Malkovich (1999)",0,0
"196","Being Julia (2004)",1,0
"197","Being There (1979)",2,0
"198","Ben (1972)",1,0
"199","Ben-Hur (1959)",3,1
"200","Bend It Like Beckham (2003)",0,0
"201","Benji (1974)",1,0
"202","Benny & Joon (1993)",0,0
"203","Bernie (2012)",0,0
"204","Berry Gordy's The Last Dragon (1985)",0,0
"205","Best Friends (1982)",0,0
"206","Best in Show (2000)",0,0
"207","Beverly Hills Cop (1984)",0,0
"208","Beverly Hills Cop II (1987)",0,0
"209","Beyond the Sea (2004)",0,0
"210","Big (1988)",1,0
"211","Big Eyes (2014)",1,0
"212","Big Fish (2003)",0,0
"213","Billy Bathgate (1991)",0,0
"214","Billy Elliot (2000)",0,0
"215","Billy Rose's Jumbo (1962)",0,0
"216","Bird (1988)",1,0
"217","Birdman (2014)",2,0
"218","Birdman of Alcatraz (1962)",0,0
"219","Birth (2004)",0,0
"220","BlacKkKlansman (2018)",0,0
"221","Black Panther (2018)",0,0
"222","Black Swan (2010)",1,0
"223","Blade Runner (1982)",0,0
"224","Blood Diamond (2006)",0,0
"225","Blue Jasmine (2013)",1,0
"226","Blue Sky (1994)",1,0
"227","Blue Valentine (2010)",0,0
"228","Blue Velvet (1986)",0,0
"229","Bob Roberts (1992)",0,0
"230","Bobby (2006)",0,0
"231","Bobby Deerfield (1977)",0,0
"232","Body Double (1984)",0,0
"233","Boeing Boeing (1965)",0,0
"234","Bohemian Rhapsody (2018)",2,1
"235","Bolt (2008)",0,0
"236","Bombshell (2019)",0,0
"237","Bonnie and Clyde (1967)",0,0
"238","Boogie Nights (1997)",1,0
"239","Booksmart (2019)",0,0
"240","Borat: Cultural Learnings Of America For Make Benefit Glorious Nation Of Kazakhstan (2006)",1,0
"241","Born Free (1966)",0,0
"242","Born Yesterday (1950)",0,0
"243","Born on the Fourth of July (1989)",4,1
"244","Bound for Glory (1976)",0,0
"245","Boy Erased (2018)",0,0
"246","Boyhood (2014)",3,1
"247","Boys Don't Cry (1999)",1,0
"248","Braveheart (1995)",1,0
"249","Breakfast On Pluto (2005)",0,0
"250","Breaking Away (1979)",1,1
"251","Breaking the Waves (1996)",0,0
"252","Breezy (1973)",0,0
"253","Bridesmaids (2011)",0,0
"254","Bridge of Spies (2015)",0,0
"255","Bridget Jones's Diary (2001)",0,0
"256","Bridget Jones: The Edge Of Reason (2004)",0,0
"257","Bright Victory (1951)",1,0
"258","Broadcast News (1987)",0,0
"259","Broadway Danny Rose (1984)",0,0
"260","Brokeback Mountain (2005)",4,1
"261","Brooklyn (2015)",0,0
"262","Brothers (2009)",0,0
"263","Bugsy (1991)",1,1
"264","Bugsy Malone (1976)",0,0
"265","Bull Durham (1988)",0,0
"266","Bullets Over Broadway (1994)",1,0
"267","Bulworth (1998)",0,0
"268","Buona Sera, Mrs. Campbell (1968)",0,0
"269","Burlesque (2010)",1,0
"270","Burn After Reading (2008)",0,0
"271","Bus Stop (1956)",0,0
"272","Buster (1988)",1,0
"273","But Not For Me (1959)",0,0
"274","Butch Cassidy and The Sundance Kid (1969)",1,0
"275","Butterfield 8 (1960)",0,0
"276","Butterflies Are Free (1972)",0,0
"277","Butterfly (1981)",0,0
"278","Bye Bye Birdie (1963)",0,0
"279","Cabaret (1972)",3,1
"280","Cactus Flower (1969)",1,0
"281","Cadillac Records (2008)",0,0
"282","Cake (2014)",0,0
"283","Calendar Girls (2003)",0,0
"284","California Suite (1978)",1,0
"285","Call Me By Your Name (2017)",0,0
"286","Camelot (1967)",3,0
"287","Can You Ever Forgive Me? (2018)",0,0
"288","Cape Fear (1991)",0,0
"289","Capote (2005)",1,0
"290","Captain Fantastic (2016)",0,0
"291","Captain Newman, M.D. (1963)",0,0
"292","Captain Phillips (2013)",0,0
"293","Car Wash (1976)",0,0
"294","Career (1959)",1,0
"295","Carlito's Way (1993)",0,0
"296","Carmen Jones (1954)",1,1
"297","Carnage (2011)",0,0
"298","Carnal Knowledge (1971)",1,0
"299","Carol (2015)",0,0
"300","Carrie (1976)",0,0
"301","Casino (1995)",1,0
"302","Casino Jack (2010)",0,0
"303","Cast Away (2000)",1,0
"304","Casualties of War (1989)",0,0
"305","Cat Ballou (1965)",1,0
"306","Cat People (1982)",0,0
"307","Cat on a Hot Tin Roof (1958)",0,0
"308","Catch Me If You Can (2002)",0,0
"309","Cats (2019)",0,0
"310","Central Station (1998)",0,0
"311","Chances Are (1989)",0,0
"312","Changeling (2008)",0,0
"313","Chaplin (1992)",0,0
"314","Chapter Two (1979)",0,0
"315","Charade (1963)",0,0
"316","Charley and The Angel (1973)",0,0
"317","Charlie Wilson's War (2007)",0,0
"318","Charlie and the Chocolate Factory (2005)",0,0
"319","Charly (1968)",1,0
"320","Chasing Amy (1997)",0,0
"321","Cheyenne Autumn (1964)",0,0
"322","Chicago (2002)",3,1
"323","Chicken Run (2000)",0,0
"324","Children of a Lesser God (1986)",1,0
"325","Chinatown (1974)",4,1
"326","Chitty Chitty Bang Bang (1968)",0,0
"327","Chocolat (2000)",0,0
"328","Christmas In Love (2005)",0,0
"329","Cinderella Liberty (1973)",1,0
"330","Cinderella Man (2005)",0,0
"331","Circus World (1964)",1,0
"332","City Slickers (1991)",1,0
"333","City of Angels (1998)",0,0
"334","Clara's Heart (1988)",0,0
"335","Claudine (1974)",0,0
"336","Cleopatra (1963)",0,0
"337","Close Encounters of the Third Kind (1977)",0,0
"338","Closer (2004)",2,0
"339","Cloud Atlas (2012)",0,0
"340","Coal Miner's Daughter (1980)",2,1
"341","Cocktail (1988)",0,0
"342","Coco (2017)",0,0
"343","Cocoon (1985)",0,0
"344","Cold Mountain (2003)",1,0
"345","Collateral (2004)",0,0
"346","Color of Night (1994)",0,0
"347","Come Back To The Five and Dime, Jimmy Dean, Jimmy Dean (1982)",0,0
"348","Come Back, Little Sheba (1952)",1,0
"349","Come Blow Your Horn (1963)",0,0
"350","Come To The Stable (1949)",0,0
"351","Coming Home (1978)",2,0
"352","Concussion (2015)",0,0
"353","Contact (1997)",0,0
"354","Continental Divide (1981)",0,0
"355","Cool Hand Luke (1967)",0,0
"356","Country (1984)",0,0
"357","Country Strong (2010)",0,0
"358","Crash (2005)",0,0
"359","Crazy Heart (2009)",2,0
"360","Crazy Rich Asians (2018)",0,0
"361","Crazy, Stupid, Love. (2011)",0,0
"362","Creed (2015)",1,0
"363","Crimes and Misdemeanors (1989)",0,0
"364","Crimes of the Heart (1986)",1,0
"365","Crocodile Dundee (1986)",1,0
"366","Cromwell (1970)",0,0
"367","Crossing Delancey (1988)",0,0
"368","Crouching Tiger, Hidden Dragon (2000)",1,0
"369","Cry Freedom (1987)",0,0
"370","Cyrano de Bergerac (1950)",1,0
"371","Dad (1989)",0,0
"372","Dallas Buyers Club (2013)",2,0
"373","Damage (1992)",0,0
"374","Dancer In The Dark (2000)",0,0
"375","Dances with Wolves (1990)",3,1
"376","Danny Collins (2015)",0,0
"377","Darkest Hour (2017)",1,0
"378","Darling (1965)",0,0
"379","Darling Lili (1970)",1,0
"380","Dave (1993)",0,0
"381","Day for Night (1973)",0,0
"382","Days of Heaven (1978)",0,0
"383","Days of Wine and Roses (1962)",0,0
"384","De-Lovely (2004)",0,0
"385","Dead Again (1991)",0,0
"386","Dead Man Walking (1995)",0,0
"387","Dead Poets Society (1989)",0,0
"388","Deadpool (2016)",0,0
"389","Dear Heart (1964)",0,0
"390","Death Becomes Her (1992)",0,0
"391","Death of a Salesman (1951)",2,0
"392","Defiance (2008)",0,0
"393","Deliverance (1972)",0,0
"394","Desperately Seeking Susan (1985)",0,0
"395","Destination Moon (1950)",0,0
"396","Destroyer (2018)",0,0
"397","Detective Story (1951)",0,0
"398","Diary of a Mad Housewife (1970)",0,0
"399","Dick Tracy (1990)",0,0
"400","Die Another Day (2002)",0,0
"401","Diner (1982)",0,0
"402","Dirty Dancing (1987)",1,0
"403","Dirty Rotten Scoundrels (1988)",0,0
"404","District 9 (2009)",0,0
"405","Divine Madness (1980)",0,0
"406","Divorce, Italian Style (1962)",1,0
"407","Django Unchained (2012)",2,0
"408","Do The Right Thing (1989)",0,0
"409","Doctor Dolittle (1967)",1,0
"410","Doctor Zhivago (1965)",5,1
"411","Dog Day Afternoon (1975)",0,0
"412","Dolemite Is My Name (2019)",0,0
"413","Dominick & Eugene (1988)",0,0
"414","Don Juan DeMarco (1995)",0,0
"415","Don't Go Near The Water (1957)",0,0
"416","Doubt (2008)",0,0
"417","Down and Out In Beverly Hills (1986)",0,0
"418","Downsizing (2017)",0,0
"419","Dr. Seuss' How The Grinch Stole Christmas! (2000)",0,0
"420","Dreamgirls (2006)",3,1
"421","Drive (2011)",0,0
"422","Driving Miss Daisy (1989)",3,1
"423","Duet for One (1986)",0,0
"424","Dumplin' (2018)",0,0
"425","Dunkirk (2017)",0,0
"426","Duplicity (2009)",0,0
"427","E. T. The Extra-Terrestrial (1982)",2,1
"428","Earthquake (1974)",0,0
"429","East of Eden (1955)",1,1
"430","Eastern Promises (2007)",0,0
"431","Easy A (2010)",0,0
"432","Easy Rider (1969)",0,0
"433","Ed Wood (1994)",1,0
"434","Educating Rita (1983)",2,0
"435","Edward Scissorhands (1990)",0,0
"436","Eighth Grade (2018)",0,0
"437","El Cid (1961)",0,0
"438","Election (1999)",0,0
"439","Electra Glide In Blue (1973)",0,0
"440","Elizabeth (1998)",1,0
"441","Elizabeth:  The Golden Age (2007)",0,0
"442","Elle (2016)",1,0
"443","Elmer Gantry (1960)",1,0
"444","Empire of the Sun (1987)",0,0
"445","Enchanted (2007)",0,0
"446","Enchanted April (1992)",2,0
"447","Endless Love (1980)",0,0
"448","Enough Said (2013)",0,0
"449","Equus (1977)",2,0
"450","Erin Brockovich (2000)",1,0
"451","Eternal Sunshine of The Spotless Mind (2004)",0,0
"452","Everybody's Fine (2009)",0,0
"453","Everyone Says I Love You (1996)",0,0
"454","Evita (1996)",3,1
"455","Ex Machina (2015)",0,0
"456","Exodus (1960)",1,0
"457","Experiment In Terror (1962)",0,0
"458","Extremities (1986)",0,0
"459","Eyes Wide Shut (1999)",0,0
"460","Face to Face (1976)",0,0
"461","Falling In Love Again (1980)",0,0
"462","Fame (1980)",1,0
"463","Family Plot (1976)",0,0
"464","Fanny & Alexander (1983)",0,0
"465","Fanny (1961)",0,0
"466","Far From Heaven (2002)",0,0
"467","Far From The Madding Crowd (1967)",0,0
"468","Faraway, So Close! (1993)",0,0
"469","Fargo (1996)",0,0
"470","Fatal Attraction (1987)",0,0
"471","Father Goose (1964)",0,0
"472","Father of the Bride Part II (1995)",0,0
"473","Fearless (1993)",0,0
"474","Fences (2016)",1,0
"475","Ferdinand (2017)",0,0
"476","Ferris Bueller's Day Off (1986)",0,0
"477","Fiddler on the Roof (1971)",2,1
"478","Fifty Shades of Grey (2015)",0,0
"479","Finding Nemo (2003)",0,0
"480","Finding Neverland (2004)",0,0
"481","Finian's Rainbow (1968)",0,0
"482","First Man (2018)",1,0
"483","First Monday in October (1981)",0,0
"484","Five Easy Pieces (1970)",1,0
"485","Flags of Our Fathers (2006)",0,0
"486","Flashdance (1983)",2,0
"487","Flight (2012)",0,0
"488","Florence Foster Jenkins (2016)",0,0
"489","Footloose (1984)",0,0
"490","For Love of Ivy (1968)",0,0
"491","For The Boys (1991)",1,0
"492","For Whom The Bell Tolls (1943)",2,0
"493","For Your Eyes Only (1981)",0,0
"494","Ford v Ferrari (2019)",0,0
"495","Forrest Gump (1994)",3,1
"496","Foul Play (1978)",0,0
"497","Four Weddings and a Funeral (1994)",1,0
"498","Foxcatcher (2014)",0,0
"499","Frances (1982)",0,0
"500","Frances Ha (2013)",0,0
"501","Frankie & Johnny (1991)",0,0
"502","Frankie and Alice (2010)",0,0
"503","Freaky Friday (1976)",0,0
"504","Freaky Friday (2003)",0,0
"505","French Connection II (1975)",0,0
"506","Frenzy (1972)",0,0
"507","Frequency (2000)",0,0
"508","Freud (1962)",0,0
"509","Frida (2002)",1,0
"510","Fried Green Tomatoes (1991)",0,0
"511","Friendly Persuasion (1956)",0,0
"512","From Here to Eternity (1953)",2,0
"513","From Noon Till Three (1976)",0,0
"514","From Russia With Love (1964)",0,0
"515","From The Terrace (1960)",0,0
"516","Frost/Nixon (2008)",0,0
"517","Frozen (2013)",0,0
"518","Frozen II (2019)",0,0
"519","Full Metal Jacket (1987)",0,0
"520","Funny Girl (1968)",0,0
"521","Funny Lady (1975)",0,0
"522","Furious 7 (2015)",0,0
"523","Gaby: A True Story (1987)",0,0
"524","Gambit (1966)",0,0
"525","Gandhi (1982)",3,0
"526","Gangs of New York (2002)",2,0
"527","Garbo Talks (1984)",0,0
"528","Gattaca (1997)",0,0
"529","Gentleman's Agreement (1947)",3,1
"530","Georgy Girl (1966)",0,0
"531","Get Out (2017)",0,0
"532","Get Shorty (1995)",1,0
"533","Ghost (1990)",1,0
"534","Ghost World (2001)",0,0
"535","Ghostbusters (1984)",0,0
"536","Ghosts of Mississippi (1996)",0,0
"537","Giant (1956)",0,0
"538","Gigi (1958)",2,0
"539","Gigot (1962)",0,0
"540","Girl With a Pearl Earring (2003)",0,0
"541","Girl, Interrupted (1999)",1,0
"542","Give 'Em Hell, Harry! (1975)",0,0
"543","Give My Regards To Broad Street (1984)",0,0
"544","Gladiator (2000)",3,1
"545","Glengarry Glen Ross (1992)",0,0
"546","Gloria (1980)",0,0
"547","Glory (1989)",1,0
"548","Gnomeo & Juliet (2011)",0,0
"549","Gods and Monsters (1998)",1,0
"550","Going Home (1971)",0,0
"551","Going My Way (1944)",3,1
"552","Gold (2016)",0,0
"553","Gone Baby Gone (2007)",0,0
"554","Gone Girl (2014)",0,0
"555","Good Morning, Vietnam (1987)",1,0
"556","Good Will Hunting (1997)",1,0
"557","GoodFellas (1990)",0,0
"558","Goodbye, Columbus (1969)",0,0
"559","Goodbye, Mr. Chips (1969)",1,0
"560","Gorillas in the Mist: The Adventure of Dian Fossey (1988)",2,0
"561","Gorky Park (1983)",0,0
"562","Gosford Park (2001)",1,0
"563","Grace Is Gone (2007)",0,0
"564","Gran Torino (2008)",0,0
"565","Grand Canyon (1991)",0,0
"566","Grandma (2015)",0,0
"567","Gravity (2013)",1,0
"568","Grease (1978)",0,0
"569","Green Book (2018)",3,1
"570","Green Card (1990)",2,1
"571","Guarding Tess (1994)",0,0
"572","Guess Who's Coming To Dinner (1967)",0,0
"573","Guys and Dolls (1955)",1,1
"574","Gypsy (1962)",0,0
"575","Hacksaw Ridge (2016)",0,0
"576","Hair (1979)",0,0
"577","Hairspray (2007)",0,0
"578","Hannah and Her Sisters (1986)",1,1
"579","Hans Christian Andersen (1952)",0,0
"580","Happiness (1998)",0,0
"581","Happy Feet (2006)",1,0
"582","Happy-Go-Lucky (2008)",1,0
"583","Harlow (1965)",0,0
"584","Harold and Maude (1971)",0,0
"585","Harriet (2019)",0,0
"586","Harry & Tonto (1974)",1,0
"587","Harvey (1950)",1,0
"588","Havana (1990)",0,0
"589","Hawaii (1966)",2,0
"590","Hear My Song (1991)",0,0
"591","Heart Like a Wheel (1983)",0,0
"592","Heaven & Earth (1993)",1,0
"593","Heaven Can Wait (1978)",3,1
"594","Heaven Knows, Mr. Allison (1957)",0,0
"595","Hedda (1975)",0,0
"596","Hedwig and the Angry Inch (2001)",0,0
"597","Hell or High Water (2016)",0,0
"598","Hello, Dolly! (1969)",0,0
"599","Hemingway's Adventures of a Young Man (1962)",0,0
"600","Her (2013)",1,0
"601","Herbie Rides Again (1974)",0,0
"602","Hercules (1997)",0,0
"603","Here Comes The Groom (1951)",0,0
"604","Heroes (1977)",0,0
"605","Hidden Figures (2016)",0,0
"606","High Anxiety (1977)",0,0
"607","High Fidelity (2000)",0,0
"608","High Noon (1952)",3,0
"609","Hilary and Jackie (1998)",0,0
"610","Hitchcock (2012)",0,0
"611","Hoffa (1992)",0,0
"612","Hollywoodland (2006)",0,0
"613","Home Alone (1990)",0,0
"614","Home Before Dark (1958)",0,0
"615","Home of the Brave (2006)",0,0
"616","Honeymoon In Vegas (1992)",0,0
"617","Honky (1971)",0,0
"618","Hook (1991)",0,0
"619","Hoosiers (1986)",0,0
"620","Hope Springs (2012)",0,0
"621","Hope and Glory (1987)",1,1
"622","Hopscotch (1980)",0,0
"623","Hotel Rwanda (2004)",0,0
"624","House of Games (1987)",0,0
"625","House of Sand and Fog (2003)",0,0
"626","Houseboat (1958)",0,0
"627","Howards End (1992)",1,0
"628","Hud (1963)",0,0
"629","Hugo (2011)",1,0
"630","Husbands (1970)",0,0
"631","Husbands and Wives (1992)",0,0
"632","Hush...Hush, Sweet Charlotte (1964)",1,0
"633","Hustle & Flow (2005)",0,0
"634","Hustlers (2019)",0,0
"635","Hyde Park on Hudson (2012)",0,0
"636","I Never Promised You a Rose Garden (1977)",0,0
"637","I Never Sang For My Father (1970)",0,0
"638","I Remember Mama (1948)",1,0
"639","I Want To Live! (1958)",1,0
"640","I'll See You in My Dreams (1952)",0,0
"641","I'm Not There (2007)",1,0
"642","I've Loved You So Long (2008)",0,0
"643","I, Tonya (2017)",1,0
"644","Ice Castles (1979)",0,0
"645","If Beale Street Could Talk (2018)",1,0
"646","If It's Tuesday, This Must Be Belgium (1969)",0,0
"647","If a Man Answers (1962)",0,0
"648","Igby Goes Down (2002)",0,0
"649","Imitation of Life (1959)",1,0
"650","In & Out (1997)",0,0
"651","In America (2003)",0,0
"652","In Bruges (2008)",1,0
"653","In Cold Blood (1967)",0,0
"654","In Country (1989)",0,0
"655","In Her Shoes (2005)",0,0
"656","In the Bedroom (2001)",1,0
"657","In the Heat of the Night (1967)",3,1
"658","In the Line of Fire (1993)",0,0
"659","In the Name of the Father (1993)",0,0
"660","Inception (2010)",0,0
"661","Indiana Jones and The Last Crusade (1989)",0,0
"662","Indiscreet (1958)",0,0
"663","Infinitely Polar Bear (2015)",0,0
"664","Inglourious Basterds (2009)",1,0
"665","Inherent Vice (2014)",0,0
"666","Inherit the Wind - 1960 (1960)",0,0
"667","Inside Daisy Clover (1965)",1,0
"668","Inside Llewyn Davis (2013)",0,0
"669","Interiors (1978)",0,0
"670","Interstellar (2014)",0,0
"671","Interview with the Vampire (The Vampire Chronicles) (1994)",0,0
"672","Into The Wild (2007)",1,0
"673","Into the Woods (2014)",0,0
"674","Intruder In The Dust (1949)",0,0
"675","Invictus (2009)",0,0
"676","Iris (2001)",1,0
"677","Irma La Douce (1963)",0,0
"678","Ironweed (1987)",0,0
"679","Irreconcilable Differences (1984)",0,0
"680","Is Paris Burning? (1966)",0,0
"681","Isadora (1968)",0,0
"682","Isle of Dogs (2018)",0,0
"683","It's A Wonderful Life (1946)",1,0
"684","It's Complicated (2009)",0,0
"685","It's a Mad, Mad, Mad, Mad World (1963)",0,0
"686","Ivanhoe (1952)",0,0
"687","J. Edgar (2011)",0,0
"688","JFK (1991)",1,0
"689","Jackie (2016)",0,0
"690","Jackie Brown (1997)",0,0
"691","Jacknife (1989)",0,0
"692","Jacqueline Susann's Once Is Not Enough (1975)",1,0
"693","Jaws (1975)",1,0
"694","Jerry Maguire (1996)",1,0
"695","Jesus Christ Superstar (1973)",0,0
"696","John Carpenter's Starman (1984)",0,0
"697","John Grisham's The Rainmaker (1997)",0,0
"698","John and Mary (1969)",0,0
"699","Johnny Belinda (1948)",1,1
"700","Jojo Rabbit (2019)",0,0
"701","Joker (2019)",2,0
"702","Jonathan Livingston Seagull (1973)",1,0
"703","Joseph Andrews (1977)",0,0
"704","Joy (2015)",1,0
"705","Judgment at Nuremberg (1961)",2,0
"706","Judy (2019)",1,0
"707","Julia (1977)",2,0
"708","Julie & Julia (2009)",1,0
"709","Junior (1994)",0,0
"710","Juno (2007)",0,0
"711","Kansas City Bomber (1972)",0,0
"712","Kate & Leopold (2001)",1,0
"713","Kazablan (1973)",0,0
"714","Kill Bill (Vol. 1) (2003)",0,0
"715","Kill Bill (Vol. 2) (2004)",0,0
"716","King Kong (2005)",0,0
"717","King Of Kings (1961)",0,0
"718","Kinky Boots (2006)",0,0
"719","Kinsey (2004)",0,0
"720","Kiss Me Goodbye (1982)",0,0
"721","Kiss of the Spider Woman (1985)",0,0
"722","Klute (1971)",1,0
"723","Knives Out (2019)",0,0
"724","Kotch (1971)",1,0
"725","Kramer vs. Kramer (1979)",4,1
"726","Kundun (1997)",0,0
"727","L.A. Confidential (1997)",1,0
"728","La Bamba (1987)",0,0
"729","La La Land (2016)",7,1
"730","La Vie En Rose (2007)",1,0
"731","Labor Day (2013)",0,0
"732","Lady Bird (2017)",2,1
"733","Lady Sings the Blues (1972)",0,0
"734","Lars and the Real Girl (2007)",0,0
"735","Last Chance Harvey (2008)",0,0
"736","Last Tango in Paris (1973)",0,0
"737","Late Night (2019)",0,0
"738","Lawrence Of Arabia (1962)",3,1
"739","Le Mans (1971)",0,0
"740","Leaving Las Vegas (1995)",1,0
"741","Legally Blonde (2001)",0,0
"742","Legends of the Fall (1994)",0,0
"743","Lenny (1974)",0,0
"744","Les Girls (1957)",1,1
"745","Les Misérables (2012)",3,1
"746","Letters from Iwo Jima (2006)",0,0
"747","Liar Liar (1997)",0,0
"748","Life With Father (1947)",1,0
"749","Life as a House (2001)",0,0
"750","Life of Pi (2012)",1,0
"751","Lili (1953)",1,0
"752","Lilies of the Field (1963)",1,0
"753","Lilith (1964)",0,0
"754","Lincoln (2012)",1,0
"755","Lion (2016)",0,0
"756","Lisa (1962)",0,0
"757","Little Big Man (1970)",0,0
"758","Little Children (2006)",0,0
"759","Little Dorrit (1988)",0,0
"760","Little Fauss and Big Halsey (1970)",0,0
"761","Little Miss Sunshine (2006)",0,0
"762","Little Shop of Horrors (1986)",0,0
"763","Little Voice (1998)",1,0
"764","Little Women (2019)",0,0
"765","Live For Life (1967)",0,0
"766","Lolita (1962)",0,0
"767","Lone Star (1996)",0,0
"768","Lonelyhearts (1958)",0,0
"769","Long Ago Tomorrow (1971)",0,0
"770","Long Day's Journey Into Night (1962)",0,0
"771","Longtime Companion (1990)",1,0
"772","Look Back In Anger (1959)",0,0
"773","Looking For Mr. Goodbar (1977)",0,0
"774","Lorenzo's Oil (1992)",0,0
"775","Lost in Translation (2003)",3,1
"776","Love & Mercy (2015)",0,0
"777","Love & Other Drugs (2010)",0,0
"778","Love Actually (2003)",0,0
"779","Love Field (1992)",0,0
"780","Love Story (1970)",5,1
"781","Love at First Bite (1979)",0,0
"782","Love in the Afternoon (1957)",0,0
"783","Love in the Time of Cholera (2007)",0,0
"784","Love with the Proper Stranger (1963)",0,0
"785","Lover Come Back (1961)",0,0
"786","Lovers and Other Strangers (1970)",0,0
"787","Loving (2016)",0,0
"788","Lucky Lady (1975)",0,0
"789","Luna (1979)",0,0
"790","Lust For Life (1956)",1,0
"791","M*A*S*H (1970)",1,1
"792","MacArthur (1977)",0,0
"793","Machine Gun Preacher (2011)",0,0
"794","Mad Max Beyond Thunderdome (1985)",0,0
"795","Mad Max: Fury Road (2015)",0,0
"796","Madame Sousatzka (1988)",1,0
"797","Madron (1970)",0,0
"798","Magic (1978)",0,0
"799","Magnolia (1999)",1,0
"800","Making Love (1982)",0,0
"801","Malcolm X (1992)",0,0
"802","Malèna (2000)",0,0
"803","Mame (1974)",0,0
"804","Mamma Mia! (2008)",0,0
"805","Man of La Mancha (1972)",0,0
"806","Man on the Moon (1999)",1,0
"807","Manchester by the Sea (2016)",1,0
"808","Mandela: Long Walk to Freedom (2013)",1,0
"809","Manhattan (1979)",0,0
"810","Manhattan Murder Mystery (1993)",0,0
"811","Mannequin (1987)",0,0
"812","Maps To The Stars (2014)",0,0
"813","Marathon Man (1976)",1,0
"814","Marriage Italian Style (1964)",0,0
"815","Marriage Story (2019)",1,0
"816","Married to the Mob (1988)",0,0
"817","Marty (1955)",1,0
"818","Marvin's Room (1996)",0,0
"819","Mary Poppins (1964)",0,0
"820","Mary Poppins Returns (2018)",0,0
"821","Mary, Queen of Scots (1971)",0,0
"822","Mask (1985)",0,0
"823","Master and Commander: The Far Side of the World (2003)",0,0
"824","Match Point (2005)",0,0
"825","Maxie (1985)",0,0
"826","Me and the Colonel (1958)",1,0
"827","Meet The Parents (2000)",0,0
"828","Melvin and Howard (1980)",1,0
"829","Memento (2001)",0,0
"830","Memoirs of a Geisha (2005)",1,0
"831","Men in Black (1997)",0,0
"832","Meredith Willson's The Music Man (1962)",0,0
"833","Mermaids (1990)",0,0
"834","Michael Clayton (2007)",0,0
"835","Michael Collins (1996)",0,0
"836","Micki & Maude (1984)",1,0
"837","Middle of the Night (1959)",0,0
"838","Midnight Cowboy (1969)",0,0
"839","Midnight Express (1978)",4,1
"840","Midnight In Paris (2011)",1,0
"841","Midnight Lace (1960)",0,0
"842","Midnight Run (1988)",0,0
"843","Mighty Aphrodite (1995)",1,0
"844","Milk (2008)",0,0
"845","Million Dollar Baby (2004)",2,0
"846","Miracle On 34th Street (1947)",2,0
"847","Misery (1990)",1,0
"848","Miss Congeniality (2000)",0,0
"849","Miss Potter (2006)",0,0
"850","Miss Sloane (2016)",0,0
"851","Missing (1982)",0,0
"852","Mississippi Burning (1988)",0,0
"853","Mister 880 (1950)",1,0
"854","Moana (2016)",0,0
"855","Mogambo (1953)",1,0
"856","Molly and Lawless John (1972)",0,0
"857","Molly's Game (2017)",0,0
"858","Mona Lisa (1986)",1,0
"859","Mona Lisa Smile (2003)",0,0
"860","Moneyball (2011)",0,0
"861","Monster (2003)",1,0
"862","Monster's Ball (2001)",0,0
"863","Moon Over Parador (1988)",0,0
"864","Moonlight (2016)",1,1
"865","Moonrise Kingdom (2012)",0,0
"866","Moonstruck (1987)",2,0
"867","Moscow on the Hudson (1984)",0,0
"868","Mother (1996)",0,0
"869","Motherless Brooklyn (2019)",0,0
"870","Moulin Rouge! (2001)",3,1
"871","Movie Movie (1978)",0,0
"872","Mr. & Mrs. Bridge (1990)",0,0
"873","Mr. Hobbs Takes a Vacation (1962)",0,0
"874","Mr. Holland's Opus (1995)",0,0
"875","Mr. Saturday Night (1992)",0,0
"876","Mrs. Brown (1997)",1,0
"877","Mrs. Doubtfire (1993)",2,1
"878","Mrs. Henderson Presents (2005)",0,0
"879","Mrs. Parker and The Vicious Circle (1994)",0,0
"880","Mrs. Parkington (1944)",1,0
"881","Mrs. Soffel (1984)",0,0
"882","Much Ado About Nothing (1993)",0,0
"883","Mudbound (2017)",0,0
"884","Mulan (1998)",0,0
"885","Mulholland Dr. (2001)",0,0
"886","Munich (2005)",0,0
"887","Muriel's Wedding (1995)",0,0
"888","Murphy's Romance (1985)",0,0
"889","Music Box (1989)",0,0
"890","Music of the Heart (1999)",0,0
"891","Mutiny on the Bounty (1962)",0,0
"892","My Best Friend's Wedding (1997)",0,0
"893","My Big Fat Greek Wedding (2002)",0,0
"894","My Cousin Rachel (1952)",0,0
"895","My Fair Lady (1964)",3,1
"896","My Favorite Year (1982)",0,0
"897","My Left Foot (1989)",0,0
"898","My Man Godfrey (1957)",0,0
"899","My Six Convicts (1952)",1,0
"900","My Week With Marilyn (2011)",1,0
"901","Mystic River (2003)",2,0
"902","Nashville (1975)",1,0
"903","Natural Born Killers (1994)",0,0
"904","Nebraska (2013)",0,0
"905","Nell (1994)",0,0
"906","Network (1976)",4,0
"907","Never Say Never Again (1983)",0,0
"908","New York, New York (1977)",0,0
"909","Next Stop, Greenwich Village (1976)",0,0
"910","Nicholas Nickleby (2002)",0,0
"911","Nicholas and Alexandra (1971)",0,0
"912","Night Shift (1982)",0,0
"913","Nightcrawler (2014)",0,0
"914","Nine (2009)",0,0
"915","Nine to Five (1980)",0,0
"916","Nixon (1995)",0,0
"917","No Country for Old Men (2007)",2,0
"918","Noah (2014)",0,0
"919","Nobody's Fool (1994)",0,0
"920","Nocturnal Animals (2016)",1,0
"921","Nomad: The Warrior (2006)",0,0
"922","Norma Rae (1979)",1,0
"923","North Country (2005)",0,0
"924","Not With My Wife, You Don't (1966)",0,0
"925","Notes On a Scandal (2006)",0,0
"926","Notting Hill (1999)",0,0
"927","Nurse Betty (2000)",1,0
"928","Nuts (1987)",0,0
"929","O Brother, Where Art Thou? (2000)",1,0
"930","O Lucky Man! (1973)",0,0
"931","Oklahoma Crude (1973)",0,0
"932","Oliver & Company (1988)",0,0
"933","Oliver! (1968)",2,1
"934","On Golden Pond (1981)",3,1
"935","On The Beach (1959)",1,0
"936","On The Riviera (1951)",1,0
"937","On the Waterfront (1954)",3,1
"938","Once Upon a Time in America (1984)",0,0
"939","Once Upon a Time...in Hollywood (2019)",3,1
"940","One Chance (2013)",0,0
"941","One Fine Day (1996)",0,0
"942","One Flew Over The Cuckoo's Nest (1975)",5,1
"943","One Is a Lonely Number (1972)",0,0
"944","One True Thing (1998)",0,0
"945","One, Two, Three (1961)",0,0
"946","Only When I Laugh (1981)",1,0
"947","Opening Night (1977)",0,0
"948","Operation Petticoat (1959)",0,0
"949","Ordinary People (1980)",4,1
"950","Othello (1965)",0,0
"951","Out of Africa (1985)",3,1
"952","Outrageous Fortune (1987)",0,0
"953","Pain and Glory (2019)",0,0
"954","Paint Your Wagon (1969)",0,0
"955","Pal Joey (1957)",1,0
"956","Paper Moon (1973)",0,0
"957","Paper Tiger (1975)",0,0
"958","Papillon (1973)",0,0
"959","Parasite (2019)",0,0
"960","Parenthood (1989)",0,0
"961","Passion Fish (1992)",0,0
"962","Patch Adams (1998)",0,0
"963","Patton (1970)",1,0
"964","Pearl Harbor (2001)",0,0
"965","Peggy Sue Got Married (1986)",0,0
"966","Pennies from Heaven (1981)",1,0
"967","Pepe (1960)",0,0
"968","Pete 'n' Tillie (1972)",0,0
"969","Pete's Dragon (1977)",0,0
"970","Peyton Place (1957)",0,0
"971","Phaedra (1962)",0,0
"972","Phantom Thread (2017)",0,0
"973","Phantom of the Paradise (1974)",0,0
"974","Philadelphia (1993)",2,0
"975","Philomena (2013)",0,0
"976","Picnic (1955)",1,0
"977","Pieces of April (2003)",0,0
"978","Pieces of Dreams (1970)",0,0
"979","Pillow Talk (1959)",0,0
"980","Pineapple Express (2008)",0,0
"981","Pipe Dreams (1976)",0,0
"982","Pirates of the Caribbean: Dead Man's Chest (2006)",0,0
"983","Pirates of the Caribbean: The Curse of the Black Pearl (2003)",0,0
"984","Places in the Heart (1984)",1,0
"985","Platoon (1986)",3,1
"986","Play It as It Lays (1972)",0,0
"987","Play Misty for Me (1971)",0,0
"988","Plaza Suite (1971)",0,0
"989","Pocahontas (1995)",1,0
"990","Pocketful of Miracles (1961)",1,0
"991","Poetic Justice (1993)",0,0
"992","Popi (1969)",0,0
"993","Porgy and Bess (1959)",0,0
"994","Postcards From The Edge (1990)",0,0
"995","Precious: Based On The Novel Push By Sapphire (2009)",1,0
"996","Pressure Point (1962)",0,0
"997","Pretty Woman (1990)",1,0
"998","Prick Up Your Ears (1987)",0,0
"999","Pride & Prejudice (2005)",0,0
"1000","Pride (2014)",0,0
"1001","Primal Fear (1996)",1,0
"1002","Primary Colors (1998)",0,0
"1003","Prince of the City (1981)",0,0
"1004","Private Benjamin (1980)",0,0
"1005","Prizzi's Honor (1985)",4,1
"1006","Promise at Dawn (1970)",0,0
"1007","Promises In The Dark (1979)",0,0
"1008","Proof (2005)",0,0
"1009","Psycho (1960)",1,0
"1010","Pulp Fiction (1994)",1,0
"1011","Punch-Drunk Love (2002)",0,0
"1012","Puzzle of a Downfall Child (1970)",0,0
"1013","Q & A (1990)",0,0
"1014","Quartet (2012)",0,0
"1015","Quest For Camelot: The Magic Sword (1998)",1,0
"1016","Quills (2000)",0,0
"1017","Quiz Show (1994)",0,0
"1018","Quo Vadis? (1951)",1,0
"1019","Rabbit Hole (2010)",0,0
"1020","Rabbit-Proof Fence (2002)",0,0
"1021","Rachel Getting Married (2008)",0,0
"1022","Rachel, Rachel (1968)",2,0
"1023","Raggedy Man (1981)",0,0
"1024","Raging Bull (1980)",1,0
"1025","Ragtime (1981)",0,0
"1026","Raiders of the Lost Ark (1981)",0,0
"1027","Rain Man (1988)",2,1
"1028","Raintree County (1957)",0,0
"1029","Rambling Rose (1991)",0,0
"1030","Ransom (1996)",0,0
"1031","Ray (2004)",1,0
"1032","Ready to Wear (1994)",0,0
"1033","Red (2010)",0,0
"1034","Reds (1981)",1,0
"1035","Remo Williams: The Adventure Begins (1985)",0,0
"1036","Requiem For a Dream (2000)",0,0
"1037","Resurrection (1980)",0,0
"1038","Reuben, Reuben (1983)",0,0
"1039","Reversal of Fortune (1990)",1,0
"1040","Revolutionary Road (2008)",1,0
"1041","Richard III (1995)",0,0
"1042","Richard Jewell (2019)",0,0
"1043","Rio Conchos (1964)",0,0
"1044","Risky Business (1983)",0,0
"1045","Road to Perdition (2002)",0,0
"1046","Rob Roy (1995)",0,0
"1047","Robin Hood: Prince of Thieves (1991)",0,0
"1048","Rocketman (2019)",2,0
"1049","Rocky (1976)",1,1
"1050","Rocky III (1982)",0,0
"1051","Roma (2018)",1,0
"1052","Roman Holiday (1953)",1,0
"1053","Roman J. Israel, Esq. (2017)",0,0
"1054","Romancing the Stone (1984)",2,1
"1055","Romeo and Juliet (1968)",0,0
"1056","Room (2015)",1,0
"1057","Room At The Top (1959)",0,0
"1058","Rope of Sand (1949)",0,0
"1059","Roseland (1977)",0,0
"1060","Rosemary's Baby (1968)",1,0
"1061","Roxanne (1987)",0,0
"1062","Rules Don't Apply (2016)",0,0
"1063","Rumble Fish (1983)",0,0
"1064","Runaway Train (1985)",1,0
"1065","Running Scared (1986)",0,0
"1066","Running With Scissors (2006)",0,0
"1067","Running on Empty (1988)",1,0
"1068","Rush (1991)",0,0
"1069","Rush (2013)",0,0
"1070","Rushmore (1998)",0,0
"1071","Rust and Bone (2012)",0,0
"1072","Ruthless People (1986)",0,0
"1073","Ryan's Daughter (1970)",1,0
"1074","S. O. B. (1981)",0,0
"1075","Sabrina (1954)",1,0
"1076","Sabrina (1995)",0,0
"1077","Salmon Fishing in the Yemen (2012)",0,0
"1078","Same Time, Next Year (1978)",1,0
"1079","Saturday Night Fever (1977)",0,0
"1080","Save the Tiger (1973)",0,0
"1081","Saving Grace (2000)",0,0
"1082","Saving Mr. Banks (2013)",0,0
"1083","Saving Private Ryan (1998)",2,1
"1084","Sayonara (1957)",1,0
"1085","Scandal (1989)",0,0
"1086","Scarface (1983)",0,0
"1087","Scenes From a Marriage (1974)",0,0
"1088","Scent of a Woman (1992)",3,1
"1089","Schindler's List (1993)",3,1
"1090","Scrooge (1970)",1,0
"1091","Sea of Love (1989)",0,0
"1092","Seabiscuit (2003)",0,0
"1093","Secretary (2002)",0,0
"1094","Secrets & Lies (1996)",1,0
"1095","Selena (1997)",0,0
"1096","Selma (2014)",1,0
"1097","Sense and Sensibility (1995)",2,1
"1098","Separate Tables (1958)",1,0
"1099","September Affair (1951)",1,0
"1100","Serpico (1973)",1,0
"1101","Seven Days In May (1963)",1,0
"1102","Seven Days In May (1964)",0,0
"1103","Seven Years in Tibet (1997)",0,0
"1104","Sexy Beast (2001)",0,0
"1105","Shadow of the Vampire (2000)",0,0
"1106","Shaft (1971)",1,0
"1107","Shakespeare in Love (1998)",3,1
"1108","Shame (2011)",0,0
"1109","Shampoo (1975)",0,0
"1110","Shattered Glass (2003)",0,0
"1111","She-Devil (1989)",0,0
"1112","Sherlock Holmes (2009)",1,0
"1113","Sherrybaby (2006)",0,0
"1114","Shine (1996)",1,0
"1115","Ship of Fools (1965)",0,0
"1116","Shirley Valentine (1989)",0,0
"1117","Shoot The Moon (1982)",0,0
"1118","Short Cuts (1993)",0,0
"1119","Shrek (2001)",0,0
"1120","Shrek 2 (2004)",0,0
"1121","Sideways (2004)",2,1
"1122","Silent Movie (1976)",0,0
"1123","Silk Stockings (1957)",0,0
"1124","Silkwood (1983)",1,0
"1125","Silver Linings Playbook (2012)",1,0
"1126","Silver Streak (1976)",0,0
"1127","Sing (2016)",0,0
"1128","Sing Street (2016)",0,0
"1129","Singin' in the Rain (1952)",1,0
"1130","Sister Act (1992)",0,0
"1131","Six Degrees of Separation (1993)",0,0
"1132","Six Weeks (1982)",0,0
"1133","Ski Fever (1967)",0,0
"1134","Skyfall (2012)",1,0
"1135","Sleepless in Seattle (1993)",0,0
"1136","Sleuth (1972)",0,0
"1137","Slumdog Millionaire (2008)",4,1
"1138","Small Time Crooks (2000)",0,0
"1139","Smokey and The Bandit (1977)",0,0
"1140","Soapdish (1991)",0,0
"1141","Some Came Running (1958)",0,0
"1142","Some Like It Hot (1959)",1,0
"1143","Something To Talk About (1995)",0,0
"1144","Something Wild (1986)",0,0
"1145","Something's Gotta Give (2003)",1,0
"1146","Somewhere in Time (1980)",0,0
"1147","Song Without End (1960)",0,0
"1148","Songwriter (1984)",0,0
"1149","Sons and Lovers (1960)",1,0
"1150","Sophie's Choice (1982)",1,0
"1151","Sounder (1972)",0,0
"1152","Spanglish (2004)",0,0
"1153","Spartacus (1960)",1,1
"1154","Spectre (2015)",1,0
"1155","Speechless (1994)",0,0
"1156","Spirit: Stallion of the Cimarron (2002)",0,0
"1157","Splash (1984)",0,0
"1158","Splendor in the Grass (1961)",0,0
"1159","Spotlight (2015)",0,0
"1160","Spy (2015)",0,0
"1161","Square Dance (1987)",0,0
"1162","St. Vincent (2014)",0,0
"1163","Stan & Ollie (2018)",0,0
"1164","Stand By Me (1986)",0,0
"1165","Stand Up Guys (2012)",0,0
"1166","Stand and Deliver (1988)",0,0
"1167","Star 80 (1983)",0,0
"1168","Star Trek: The Motion Picture (1979)",0,0
"1169","Star Wars (1977)",1,0
"1170","Star Wars: Episode V - The Empire Strikes Back (1980)",0,0
"1171","Star and Stripes Forever (1952)",0,0
"1172","Star! (1968)",1,0
"1173","Stars and Stripes Forever (1952)",0,0
"1174","Starting Over (1979)",0,0
"1175","Staying Alive (1983)",0,0
"1176","Steel Magnolias (1989)",1,0
"1177","Stepmom (1998)",0,0
"1178","Steve Jobs (2015)",2,0
"1179","Stevie (1978)",0,0
"1180","Still Alice (2014)",1,0
"1181","Still Crazy (1998)",0,0
"1182","Stranger Than Fiction (2006)",0,0
"1183","Street Smart (1987)",0,0
"1184","Strictly Ballroom (1993)",0,0
"1185","Such Good Friends (1971)",0,0
"1186","Sudden Fear (1952)",0,0
"1187","Suddenly, Last Summer (1959)",1,0
"1188","Summer Wishes, Winter Dreams (1973)",0,0
"1189","Summer and Smoke (1961)",1,0
"1190","Summer of '42 (1971)",0,0
"1191","Sunday Bloody Sunday (1971)",0,0
"1192","Sunday In New York (1964)",0,0
"1193","Sunrise at Campobello (1960)",1,0
"1194","Sunset Boulevard (1950)",4,1
"1195","Sunshine (2000)",0,0
"1196","Superman (1978)",0,0
"1197","Sweeney Todd: The Demon Barber of Fleet Street (2007)",2,1
"1198","Sweet Bird of Youth (1962)",1,0
"1199","Sweet and Lowdown (1999)",0,0
"1200","Swing Shift (1984)",0,0
"1201","Switch (1991)",0,0
"1202","Syriana (2005)",1,0
"1203","Take a Giant Step (1959)",0,0
"1204","Tangled (2010)",0,0
"1205","Taps (1981)",0,0
"1206","Taras Bulba (1962)",0,0
"1207","Tarzan (1999)",1,0
"1208","Taxi Driver (1976)",0,0
"1209","Teacher's Pet (1958)",0,0
"1210","Tempest (1982)",0,0
"1211","Tender Mercies (1983)",1,0
"1212","Terms of Endearment (1983)",4,1
"1213","Tess (1980)",0,0
"1214","Testament (1983)",0,0
"1215","Tex (1982)",0,0
"1216","Thank God It's Friday (1978)",1,0
"1217","Thank You For Smoking (2006)",0,0
"1218","That Funny Feeling (1965)",0,0
"1219","That Thing You Do! (1996)",0,0
"1220","That Touch of Mink (1962)",0,0
"1221","That's Life! (1986)",0,0
"1222","The  Remains of the Day (1993)",0,0
"1223","The Absent-Minded Professor (1961)",0,0
"1224","The Accidental Tourist (1988)",0,0
"1225","The Accused (1988)",1,0
"1226","The Actress (1953)",1,0
"1227","The Addams Family (1991)",0,0
"1228","The Adventures of Priscilla, Queen of the Desert (1994)",0,0
"1229","The African Elephant (1971)",0,0
"1230","The Age of Innocence (1993)",1,0
"1231","The Agony and The Ecstasy (1965)",0,0
"1232","The Alamo (1960)",1,0
"1233","The American President (1995)",0,0
"1234","The Amityville Horror (1979)",0,0
"1235","The Andromeda Strain (1971)",0,0
"1236","The Apartment (1960)",1,0
"1237","The Appaloosa (1966)",0,0
"1238","The Artist (2011)",3,1
"1239","The Asphalt Jungle (1950)",0,0
"1240","The Assassination of Jesse James by the Coward Robert Ford (2007)",0,0
"1241","The Aviator (2004)",3,1
"1242","The Bad Seed (1956)",1,0
"1243","The Bad and The Beautiful (1952)",0,0
"1244","The Banger Sisters (2002)",0,0
"1245","The Barefoot Contessa (1954)",1,0
"1246","The Best Exotic Marigold Hotel (2012)",0,0
"1247","The Best Little Whorehouse In Texas (1982)",0,0
"1248","The Best Man (1964)",0,0
"1249","The Best Of Enemies (1962)",0,0
"1250","The Best Years Of Our Lives (1946)",1,1
"1251","The Bible: In The Beginning (1966)",0,0
"1252","The Big Chill (1983)",0,0
"1253","The Big Country (1958)",1,0
"1254","The Big Short (2015)",0,0
"1255","The Birdcage (1996)",0,0
"1256","The Black Stallion (1979)",0,0
"1257","The Blind Side (2009)",1,0
"1258","The Blue Veil (1951)",1,0
"1259","The Book Thief (2013)",0,0
"1260","The Boston Strangler (1968)",0,0
"1261","The Bostonians (1984)",0,0
"1262","The Boxer (1997)",0,0
"1263","The Boy Friend (1971)",0,0
"1264","The Boys From Brazil (1978)",0,0
"1265","The Brave One (2007)",0,0
"1266","The Bridge on the River Kwai (1957)",3,1
"1267","The Bridges of Madison County (1995)",0,0
"1268","The Buddy Holly Story (1978)",0,0
"1269","The Cardinal (1963)",2,1
"1270","The Caretakers (1963)",0,0
"1271","The Carpetbaggers (1964)",0,0
"1272","The Chalk Garden (1964)",0,0
"1273","The Champ (1979)",0,0
"1274","The Chapman Report (1962)",0,0
"1275","The Children of Sanchez (1978)",0,0
"1276","The Children's Hour (1961)",0,0
"1277","The China Syndrome (1979)",0,0
"1278","The Chronicles of Narnia: The Voyage of The Dawn Treader (2010)",0,0
"1279","The Cider House Rules (1999)",0,0
"1280","The Cincinnati Kid (1965)",0,0
"1281","The Climax (1967)",0,0
"1282","The Collector (1965)",1,0
"1283","The Color Purple (1985)",1,0
"1284","The Color of Money (1986)",0,0
"1285","The Comedians (1967)",0,0
"1286","The Commitments (1991)",0,0
"1287","The Competition (1980)",0,0
"1288","The Conjugal Bed (1963)",0,0
"1289","The Constant Gardener (2005)",1,0
"1290","The Contender (2000)",0,0
"1291","The Conversation (1974)",0,0
"1292","The Cooler (2003)",0,0
"1293","The Cotton Club (1984)",0,0
"1294","The Country Girl (1954)",1,0
"1295","The Court Jester (1956)",0,0
"1296","The Crossing Guard (1995)",0,0
"1297","The Crucible (1996)",0,0
"1298","The Crying Game (1992)",0,0
"1299","The Curious Case of Benjamin Button (2008)",0,0
"1300","The Da Vinci Code (2006)",0,0
"1301","The Danish Girl (2015)",0,0
"1302","The Dark Knight (2008)",1,0
"1303","The Dark at the Top of the Stairs (1960)",0,0
"1304","The Day The Earth Stood Still (1951)",0,0
"1305","The Day of the Dolphin (1973)",0,0
"1306","The Day of the Jackal (1973)",0,0
"1307","The Day of the Locust (1975)",0,0
"1308","The Deep (1977)",0,0
"1309","The Deep Blue Sea (2012)",0,0
"1310","The Deep End (2001)",0,0
"1311","The Deer Hunter (1978)",1,0
"1312","The Defiant Ones (1958)",1,1
"1313","The Departed (2006)",1,0
"1314","The Descendants (2011)",2,1
"1315","The Devil Wears Prada (2006)",1,0
"1316","The Diary of Anne Frank (1959)",0,0
"1317","The Dirty Dozen (1967)",0,0
"1318","The Disaster Artist (2017)",1,0
"1319","The Diving Bell and the Butterfly (2007)",1,0
"1320","The Dove (1974)",0,0
"1321","The Dresser (1983)",1,0
"1322","The Duchess (2008)",0,0
"1323","The Duchess and The Dirtwater Fox (1976)",0,0
"1324","The Edge of Seventeen (2016)",0,0
"1325","The Effect of Gamma Rays on Man-In-The-Moon Marigolds (1972)",0,0
"1326","The Elephant Man (1980)",0,0
"1327","The Emigrants (1972)",1,0
"1328","The Emperor's New Groove (2000)",0,0
"1329","The End of the Affair (1999)",0,0
"1330","The English Patient (1996)",2,1
"1331","The Evening Star (1996)",0,0
"1332","The Exorcist (1973)",4,1
"1333","The Fabulous Baker Boys (1989)",1,0
"1334","The Facts of Life (1960)",0,0
"1335","The Fall Of The Roman Empire (1964)",1,0
"1336","The Family Stone (2005)",0,0
"1337","The Farewell (2019)",1,0
"1338","The Favourite (2018)",1,0
"1339","The Field (1990)",0,0
"1340","The Fighter (2010)",2,0
"1341","The Fisher King (1991)",2,0
"1342","The Fixer (1968)",0,0
"1343","The Flamingo Kid (1984)",0,0
"1344","The Flight of the Phoenix (1965)",0,0
"1345","The Florida Project (2017)",0,0
"1346","The Fortune Cookie (1966)",0,0
"1347","The Fountain (2006)",0,0
"1348","The Four Seasons (1981)",0,0
"1349","The Fox (1967)",0,0
"1350","The French Connection (1971)",3,1
"1351","The French Lieutenant's Woman (1981)",1,0
"1352","The Front Page (1974)",0,0
"1353","The Fugitive (1993)",1,0
"1354","The Full Monty (1997)",0,0
"1355","The Gambler (1974)",0,0
"1356","The Getaway (1972)",0,0
"1357","The Girl With The Dragon Tattoo (2011)",0,0
"1358","The Glass Menagerie (1987)",0,0
"1359","The Godfather (1972)",5,1
"1360","The Godfather Part II (1974)",0,0
"1361","The Godfather Part III (1990)",0,0
"1362","The Goodbye Girl (1977)",4,1
"1363","The Graduate (1967)",2,1
"1364","The Grand Budapest Hotel (2014)",1,1
"1365","The Grass is Greener (1960)",0,0
"1366","The Great Debaters (2007)",0,0
"1367","The Great Escape (1963)",0,0
"1368","The Great Gatsby (1974)",1,0
"1369","The Great Man (1957)",0,0
"1370","The Great Race (1965)",0,0
"1371","The Great White Hope (1970)",0,0
"1372","The Greatest Show On Earth (1952)",2,1
"1373","The Greatest Showman (2017)",1,0
"1374","The Green Mile (1999)",0,0
"1375","The Grey Fox (1983)",0,0
"1376","The Grifters (1990)",0,0
"1377","The Guard (2011)",0,0
"1378","The Guns Of Navarone (1961)",2,1
"1379","The Hangover (2009)",1,1
"1380","The Happy Ending (1969)",0,0
"1381","The Happy Time (1952)",0,0
"1382","The Hateful Eight (2015)",1,0
"1383","The Haunting (1963)",0,0
"1384","The Hawaiians (1970)",0,0
"1385","The Heart Is a Lonely Hunter (1968)",0,0
"1386","The Heartbreak Kid (1972)",0,0
"1387","The Heiress (1949)",0,0
"1388","The Help (2011)",1,0
"1389","The High and The Mighty (1954)",1,0
"1390","The Horse Whisperer (1998)",0,0
"1391","The Hospital (1971)",1,0
"1392","The Hours (2002)",2,1
"1393","The Hunchback of Notre Dame (1996)",0,0
"1394","The Hundred-Foot Journey (2014)",0,0
"1395","The Hunger Games (2012)",0,0
"1396","The Hunger Games: Catching Fire (2013)",0,0
"1397","The Hunger Games: Mockingjay - Part 1 (2014)",0,0
"1398","The Hurricane (1999)",1,0
"1399","The Hurt Locker (2009)",0,0
"1400","The Hustler (1961)",0,0
"1401","The Ice Storm (1997)",0,0
"1402","The Ides of March (2011)",0,0
"1403","The Idolmaker (1980)",1,0
"1404","The Imitation Game (2014)",0,0
"1405","The Impossible (2012)",0,0
"1406","The Incredible Sarah (1976)",0,0
"1407","The Incredibles (2004)",0,0
"1408","The Informant! (2009)",0,0
"1409","The Inn of the Sixth Happiness (1958)",0,0
"1410","The Insider (1999)",0,0
"1411","The Inspector General (1949)",1,0
"1412","The Interns (1962)",0,0
"1413","The Irishman (2019)",0,0
"1414","The Iron Lady (2011)",1,0
"1415","The Jazz Singer (1980)",0,0
"1416","The Judge (2014)",0,0
"1417","The Karate Kid (1984)",0,0
"1418","The Karate Kid Part II (1986)",0,0
"1419","The Kids Are All Right (2010)",2,1
"1420","The Killing Fields (1984)",1,0
"1421","The Killing of Sister George (1968)",0,0
"1422","The King and I (1956)",1,1
"1423","The King's Speech (2010)",1,0
"1424","The Kite Runner (2007)",0,0
"1425","The L-Shaped Room (1963)",1,0
"1426","The Lady in the Van (2015)",0,0
"1427","The Landlord (1970)",0,0
"1428","The Last Detail (1973)",0,0
"1429","The Last Emperor (1987)",4,1
"1430","The Last King of Scotland (2006)",1,0
"1431","The Last Of The Mohicans (1992)",0,0
"1432","The Last Picture Show (1971)",1,0
"1433","The Last Samurai (2003)",0,0
"1434","The Last Station (2009)",0,0
"1435","The Last Temptation of Christ (1988)",0,0
"1436","The Late Show (1977)",0,0
"1437","The Legend of 1900 (1999)",1,0
"1438","The Leisure Seeker (2017)",0,0
"1439","The Life and Times of Judge Roy Bean (1972)",0,0
"1440","The Lion King (1994)",3,1
"1441","The Lion King (2019)",0,0
"1442","The Lion in Winter (1968)",2,1
"1443","The Little Mermaid (1989)",2,0
"1444","The Little Prince (1974)",1,0
"1445","The Lobster (2016)",0,0
"1446","The Longest Day (1962)",0,0
"1447","The Longest Yard (1974)",1,1
"1448","The Lord of the Rings (1978)",0,0
"1449","The Lord of the Rings: The Fellowship of the Ring (2001)",0,0
"1450","The Lord of the Rings: The Return of the King (2003)",4,1
"1451","The Lord of the Rings: The Two Towers (2002)",0,0
"1452","The Lost Weekend (1945)",2,1
"1453","The Lovely Bones (2009)",0,0
"1454","The Magnificent Yankee (1950)",0,0
"1455","The Main Event (1979)",0,0
"1456","The Mambo Kings (1992)",0,0
"1457","The Man Who Wasn't There (2001)",0,0
"1458","The Man Who Would Be King (1975)",0,0
"1459","The Man in the Glass Booth (1975)",0,0
"1460","The Manchurian Candidate (1962)",1,0
"1461","The Manchurian Candidate (2004)",0,0
"1462","The Martian (2015)",2,1
"1463","The Mask (1994)",0,0
"1464","The Mask of Zorro (1998)",0,0
"1465","The Master (2012)",0,0
"1466","The Matador (2005)",0,0
"1467","The Mating Season (1951)",0,0
"1468","The Messenger (2009)",0,0
"1469","The Mighty (1998)",0,0
"1470","The Milagro Beanfield War (1988)",0,0
"1471","The Miracle Worker (1962)",0,0
"1472","The Mirror Has Two Faces (1996)",1,0
"1473","The Mission (1986)",2,0
"1474","The Moon Is Blue (1953)",1,0
"1475","The Mosquito Coast (1986)",0,0
"1476","The Mouse on the Moon (1963)",0,0
"1477","The Muppet Movie (1979)",0,0
"1478","The Muse (1999)",0,0
"1479","The Natural (1984)",0,0
"1480","The Night of the Iguana (1964)",0,0
"1481","The Nightmare Before Christmas (1993)",0,0
"1482","The Ninth Configuration (1980)",1,0
"1483","The Nun's Story (1959)",0,0
"1484","The Nutty Professor (1996)",0,0
"1485","The Odd Couple (1968)",0,0
"1486","The Old Man & the Gun (2018)",0,0
"1487","The Old Man and the Sea (1958)",0,0
"1488","The Onion Field (1979)",0,0
"1489","The Opposite Sex (1956)",0,0
"1490","The Opposite of Sex (1998)",0,0
"1491","The Other Side of the Mountain (1975)",0,0
"1492","The Others (2001)",0,0
"1493","The Out-of-Towners (1970)",0,0
"1494","The Painted Veil (2006)",1,0
"1495","The Paper Chase (1973)",1,0
"1496","The Paper Man (1963)",0,0
"1497","The Paperboy (2012)",0,0
"1498","The Pawnbroker (1965)",0,0
"1499","The People vs. Larry Flynt (1996)",2,0
"1500","The Phantom of the Opera (2004)",0,0
"1501","The Pianist (2002)",0,0
"1502","The Piano (1993)",1,0
"1503","The Picture of Dorian Gray (1945)",1,0
"1504","The Pigeon That Took Rome (1962)",0,0
"1505","The Pink Panther (1964)",0,0
"1506","The Pink Panther Strikes Again (1976)",0,0
"1507","The Pirates of Penzance (1983)",0,0
"1508","The Player (1992)",2,1
"1509","The Pleasure of His Company (1961)",0,0
"1510","The Plunderers (1960)",0,0
"1511","The Polar Express (2004)",0,0
"1512","The Portrait of a Lady (1996)",0,0
"1513","The Poseidon Adventure (1972)",1,0
"1514","The Post (2017)",0,0
"1515","The Prime of Miss Jean Brodie (1969)",1,0
"1516","The Prince of Egypt (1998)",0,0
"1517","The Prince of Tides (1991)",1,0
"1518","The Prize (1963)",0,0
"1519","The Producers (1967) (1968)",0,0
"1520","The Producers (2005)",0,0
"1521","The Professionals (1966)",0,0
"1522","The Proposal (2009)",0,0
"1523","The Proud Rebel (1958)",0,0
"1524","The Pumpkin Eater (1964)",1,0
"1525","The Purple Rose of Cairo (1985)",1,0
"1526","The Pursuit of Happyness (2006)",0,0
"1527","The Queen (2006)",2,0
"1528","The Quiet American (2002)",0,0
"1529","The Quiet Man (1952)",0,0
"1530","The Rainmaker (1956)",1,0
"1531","The Razor's Edge (1946)",2,0
"1532","The Reader (2008)",1,0
"1533","The Red Shoes (1948)",1,0
"1534","The Reivers (1969)",0,0
"1535","The Report (2019)",0,0
"1536","The Return of the Pink Panther (1975)",0,0
"1537","The Revenant (2015)",3,1
"1538","The Right Stuff (1983)",0,0
"1539","The Ritz (1976)",0,0
"1540","The River (1984)",0,0
"1541","The River Wild (1994)",0,0
"1542","The Robe (1953)",1,1
"1543","The Roman Spring of Mrs. Stone (1961)",0,0
"1544","The Rose (1979)",2,0
"1545","The Rose Garden (1989)",0,0
"1546","The Rose Tattoo (1955)",2,0
"1547","The Royal Tenenbaums (2001)",1,0
"1548","The Russia House (1990)",0,0
"1549","The Russians Are Coming Russians Are Coming (1966)",2,1
"1550","The Sailor Who Fell From Grace With The Sea (1976)",0,0
"1551","The Sand Pebbles (1966)",1,0
"1552","The Sandpiper (1965)",0,0
"1553","The Savages (2007)",0,0
"1554","The Scalphunters (1968)",0,0
"1555","The School of Rock (2003)",0,0
"1556","The Sea Inside (2004)",0,0
"1557","The Search (1948)",1,0
"1558","The Secret of My Success (1987)",0,0
"1559","The Secret of Santa Vittoria (1969)",1,1
"1560","The Sessions (2012)",0,0
"1561","The Seven Year Itch (1955)",1,0
"1562","The Shape of Water (2017)",2,0
"1563","The Shawshank Redemption (1994)",0,0
"1564","The Sheltering Sky (1990)",1,0
"1565","The Shipping News (2001)",0,0
"1566","The Shoes of the Fisherman (1968)",1,0
"1567","The Shootist (1976)",0,0
"1568","The Shop on Main Street (1966)",0,0
"1569","The Silence of the Lambs (1991)",1,0
"1570","The Sin Of Harold Diddlebock (1950)",0,0
"1571","The Sixth Sense (1999)",0,0
"1572","The Slender Thread (1965)",0,0
"1573","The Slipper and the Rose - The Story of Cinderella (1976)",0,0
"1574","The Snapper (1993)",0,0
"1575","The Social Network (2010)",4,1
"1576","The Solid Gold Cadillac (1956)",0,0
"1577","The Song Of Bernadette (1943)",2,1
"1578","The Sound of Music (1965)",1,1
"1579","The Spy Who Came in from the Cold (1965)",1,0
"1580","The Spy Who Loved Me (1977)",0,0
"1581","The Spy With A Cold Nose (1966)",0,0
"1582","The Squid and the Whale (2005)",0,0
"1583","The Star (2017)",0,0
"1584","The Sterile Cuckoo (1969)",0,0
"1585","The Sting (1973)",0,0
"1586","The Story of Esther Costello (1957)",0,0
"1587","The Straight Story (1999)",0,0
"1588","The Stunt Man (1980)",1,0
"1589","The Subject Was Roses (1968)",0,0
"1590","The Sundowners (1960)",0,0
"1591","The Sunshine Boys (1975)",3,1
"1592","The Swan Princess (1994)",0,0
"1593","The Talented Mr. Ripley (1999)",0,0
"1594","The Taming of the Shrew (1967)",0,0
"1595","The Teahouse of the August Moon (1956)",0,0
"1596","The Ten Commandments (1956)",0,0
"1597","The The Chronicles Of Narnia: The Lion Witch And The Wardrobe (2005)",0,0
"1598","The Theory of Everything (2014)",2,0
"1599","The Thief (1952)",0,0
"1600","The Thomas Crown Affair (1968)",1,0
"1601","The Three Faces of Eve (1957)",1,0
"1602","The Three Musketeers (1974)",1,0
"1603","The Tourist (2010)",0,0
"1604","The Towering Inferno (1974)",1,0
"1605","The Town (2010)",0,0
"1606","The Treasure of the Sierra Madre (1948)",3,1
"1607","The Trip To Bountiful (1985)",0,0
"1608","The Truman Show (1998)",3,0
"1609","The Turning Point (1977)",2,1
"1610","The Two Popes (2019)",0,0
"1611","The Ugly American (1963)",0,0
"1612","The Unbearable Lightness of Being (1988)",0,0
"1613","The Unsinkable Molly Brown (1964)",0,0
"1614","The Untouchables (1987)",1,0
"1615","The Usual Suspects (1995)",0,0
"1616","The V. I. P.'s (1963)",1,0
"1617","The Verdict (1982)",0,0
"1618","The War of The Roses (1989)",0,0
"1619","The Way We Were (1973)",1,0
"1620","The Well (1951)",0,0
"1621","The Wheeler Dealers (1963)",0,0
"1622","The Whisperers (1967)",1,0
"1623","The Wife (2018)",1,0
"1624","The Wild Thornberrys Movie (2002)",0,0
"1625","The Wings of the Dove (1997)",0,0
"1626","The Wolf of Wall Street (2013)",1,0
"1627","The Woman in Red (1984)",1,0
"1628","The Wonderful World Of The Brothers Grimm (1962)",0,0
"1629","The World Of Suzie Wong (1960)",0,0
"1630","The World of Henry Orient (1964)",0,0
"1631","The Wrestler (2008)",2,0
"1632","The Year of Living Dangerously (1983)",0,0
"1633","The Yellow Rolls-Royce (1965)",1,0
"1634","The Young Philadelphians (1959)",0,0
"1635","The Young Victoria (2009)",0,0
"1636","The Zorro Gay Blade (1981)",0,0
"1637","Thelma & Louise (1991)",1,0
"1638","There Will Be Blood (2007)",1,0
"1639","There's Something About Mary (1998)",0,0
"1640","They Shoot Horses, Don't They? (1969)",1,0
"1641","Thirteen (2003)",0,0
"1642","This Property Is Condemned (1966)",0,0
"1643","This Sporting Life (1963)",0,0
"1644","Thoroughly Modern Millie (1967)",1,0
"1645","Those Magnificent Men in Their Flying Machines (1965)",0,0
"1646","Three Billboards Outside Ebbing, Missouri (2017)",4,1
"1647","Three Colours: Blue (Trois couleurs: Bleu) (1993)",0,0
"1648","Three Days of the Condor (1975)",0,0
"1649","Three Little Words (1950)",1,0
"1650","Throw Momma From The Train (1987)",0,0
"1651","Tin Cup (1996)",0,0
"1652","Titanic (1997)",4,1
"1653","To Be or Not to Be (1983)",0,0
"1654","To Bed Or Not To Bed (1963)",1,0
"1655","To Die For (1995)",1,0
"1656","To Kill A Mockingbird (1962)",2,0
"1657","To Wong Foo, Thanks For Everything! Julie Newmar (1995)",0,0
"1658","Tom & Viv (1994)",0,0
"1659","Tom Jones (1963)",1,1
"1660","Tom Sawyer (1973)",0,0
"1661","Tommy (1975)",1,0
"1662","Tomorrow Never Dies (1997)",0,0
"1663","Tootsie (1982)",3,1
"1664","Top Gun (1986)",1,0
"1665","Topkapi (1964)",0,0
"1666","Touched by Love (1980)",0,0
"1667","Tough Guys (1986)",0,0
"1668","Town Without Pity (1961)",1,0
"1669","Toy Story (1995)",0,0
"1670","Toy Story 2 (1999)",1,1
"1671","Toys in the Attic (1963)",0,0
"1672","Trading Places (1983)",0,0
"1673","Traffic (2000)",2,0
"1674","Training Day (2001)",0,0
"1675","Trainwreck (2015)",0,0
"1676","Transamerica (2005)",1,0
"1677","Travels with My Aunt (1972)",0,0
"1678","Trial (1955)",1,0
"1679","Tribute (1980)",0,0
"1680","Trolls (2016)",0,0
"1681","Tropic Thunder (2008)",0,0
"1682","True Grit (1969)",1,0
"1683","True Lies (1994)",1,0
"1684","Trumbo (2015)",0,0
"1685","Tucker: The Man and His Dream (1988)",1,0
"1686","Tully (2018)",0,0
"1687","Tumbleweeds (1999)",1,0
"1688","Twelve Monkeys (1995)",1,0
"1689","Twice in a Lifetime (1985)",0,0
"1690","Twins (1988)",0,0
"1691","Two for the Road (1967)",0,0
"1692","Ulee's Gold (1997)",1,0
"1693","Under Fire (1983)",0,0
"1694","Under The Tuscan Sun (2003)",0,0
"1695","Under The Volcano (1984)",0,0
"1696","Under The Yum Yum Tree (1963)",0,0
"1697","Unfaithful (2002)",0,0
"1698","Unforgiven (1992)",2,0
"1699","Up (2009)",1,0
"1700","Up Close & Personal (1996)",0,0
"1701","Up In The Air (2009)",1,0
"1702","Urban Cowboy (1980)",0,0
"1703","Used People (1992)",0,0
"1704","Vanilla Sky (2001)",0,0
"1705","Venus (2006)",0,0
"1706","Vera Drake (2004)",0,0
"1707","Veronica Guerin (2003)",0,0
"1708","Vice (2018)",1,0
"1709","Vicky Cristina Barcelona (2008)",1,1
"1710","Victor Victoria (1982)",1,0
"1711","Victoria & Abdul (2017)",0,0
"1712","Viva Zapata! (1952)",0,0
"1713","Volver (2006)",0,0
"1714","Voyage of the Damned (1976)",1,0
"1715","W.E. (2011)",1,0
"1716","Wag the Dog (1997)",0,0
"1717","Wait Until Dark (1967)",0,0
"1718","Walk Hard: The Dewey Cox Story (2007)",0,0
"1719","Walk The Line (2005)",3,1
"1720","Wall Street (1987)",1,0
"1721","Wall Street: Money Never Sleeps (2010)",0,0
"1722","Wall-E (2008)",0,0
"1723","War Dogs (2016)",0,0
"1724","War Horse (2011)",0,0
"1725","War and Peace (1956)",0,0
"1726","We Need To Talk About Kevin (2011)",0,0
"1727","Weeds (1987)",0,0
"1728","West Side Story (1961)",2,0
"1729","What Ever Happened To Baby Jane? (1962)",0,0
"1730","What Women Want (2000)",0,0
"1731","What's Eating Gilbert Grape (1993)",0,0
"1732","What's Love Got To Do With It (1993)",1,0
"1733","When Harry Met Sally (1989)",0,0
"1734","When Willie Comes Marching Home (1950)",0,0
"1735","Where Love Has Gone (1964)",0,0
"1736","Where The Wild Things Are (2009)",0,0
"1737","Where'd You Go, Bernadette (2019)",0,0
"1738","Whiffs (1975)",0,0
"1739","While You Were Sleeping (1995)",0,0
"1740","Whiplash (2014)",1,0
"1741","White Nights (1985)",1,0
"1742","White Palace (1990)",0,0
"1743","Who Framed Roger Rabbit (1988)",0,0
"1744","Who Is Killing The Great Chefs of Europe? (1978)",0,0
"1745","Who Was That Lady? (1959)",0,0
"1746","Who's Afraid of Virginia Woolf? (1966)",0,0
"1747","Who's That Girl (1987)",0,0
"1748","Wild (2014)",0,0
"1749","Wild at Heart (1990)",0,0
"1750","Wild is the Wind (1957)",0,0
"1751","Wilde (1998)",0,0
"1752","Will Success Spoil Rock Hunter? (1957)",0,0
"1753","Willy Wonka & The Chocolate Factory (1971)",0,0
"1754","Winter's Bone (2010)",0,0
"1755","With Honors (1994)",0,0
"1756","With a Song in My Heart (1952)",1,1
"1757","Without Limits (1998)",0,0
"1758","Witness (1985)",0,0
"1759","Witness for the Prosecution (1957)",1,0
"1760","Women In Love (1970)",0,0
"1761","Wonder Boys (2000)",1,0
"1762","Working Girl (1988)",4,1
"1763","Written on the Wind (1956)",0,0
"1764","Wuthering Heights (1970)",0,0
"1765","Yanks (1979)",0,0
"1766","Year of the Dragon (1985)",0,0
"1767","Yentl (1983)",2,1
"1768","Yes, Giorgio (1982)",0,0
"1769","You Can Count On Me (2000)",0,0
"1770","You Light Up My Life (1977)",1,0
"1771","You're a Big Boy Now (1966)",0,0
"1772","You've Got Mail (1998)",0,0
"1773","Young Adult (2011)",0,0
"1774","Young Frankenstein (1974)",0,0
"1775","Young Guns II (1990)",1,0
"1776","Yours, Mine and Ours (1968)",0,0
"1777","Youth (2015)",0,0
"1778","Zelig (1983)",0,0
"1779","Zero Dark Thirty (2012)",1,0
"1780","Zoot Suit (1981)",0,0
"1781","Zorba The Greek (1964)",0,0
