"","film","year_film","nom_bp","nom_dir","nom_aml","nom_afl","nom_cin","nom_prod","nom_wa","nom_wo","nom_fm","nom_mo","nom_ms","nom_ams","nom_afs","nom_vis","nom_cos","nom_mak","nom_sm","won_bp"
"1","12 Angry Men (1957)",1957,1,1,0,0,0,0,1,0,0,0,0,0,0,0,0,0,0,0
"2","12 Years a Slave (2013)",2013,1,1,1,0,0,1,1,0,1,0,0,1,1,0,1,0,0,1
"3","127 Hours (2010)",2010,1,0,1,0,0,0,1,0,1,1,1,0,0,0,0,0,0,0
"4","1917 (2019)",2019,1,1,0,0,1,1,0,1,0,1,0,0,0,1,0,1,1,0
"5","42nd Street (1932)",1932,1,0,0,0,0,0,0,0,0,0,0,0,0,0,0,0,1,0
"6","7th Heaven (1927)",1927,1,0,0,1,0,1,1,0,0,0,0,0,0,0,0,0,0,0
"7","A Beautiful Mind (2001)",2001,1,1,1,0,0,0,1,0,1,1,0,0,1,0,0,1,0,1
"8","A Clockwork Orange (1971)",1971,1,1,0,0,0,0,1,0,1,0,0,0,0,0,0,0,0,0
"9","A Farewell to Arms (1932)",1932,1,0,0,0,1,1,0,0,0,0,0,0,0,0,0,0,1,0
"10","A Few Good Men (1992)",1992,1,0,0,0,0,0,0,0,1,0,0,1,0,0,0,0,1,0
"11","A Letter to Three Wives (1949)",1949,1,1,0,0,0,0,0,0,0,0,0,0,0,0,0,0,0,0
"12","A Man for All Seasons (1966)",1966,1,1,1,0,1,0,1,0,0,0,0,1,1,0,1,0,0,1
"13","A Midsummer Night's Dream (1935)",1935,1,0,0,0,1,0,0,0,1,0,0,0,0,0,0,0,0,0
"14","A Passage to India (1984)",1984,1,1,0,1,1,1,0,0,1,1,0,0,1,0,1,0,1,0
"15","A Place in the Sun (1951)",1951,1,1,1,1,1,0,0,0,1,1,0,0,0,0,1,0,0,0
"16","A Room with a View (1986)",1986,1,1,0,0,1,1,0,0,0,0,0,1,1,0,1,0,0,0
"17","A Serious Man (2009)",2009,1,0,0,0,0,0,0,1,0,0,0,0,0,0,0,0,0,0
"18","A Soldier's Story (1984)",1984,1,0,0,0,0,0,0,0,0,0,0,1,0,0,0,0,0,0
"19","A Star Is Born (1937)",1937,1,1,1,1,0,0,0,0,0,0,0,0,0,0,0,0,0,0
"20","A Star Is Born (2018)",2018,1,0,1,1,1,0,1,0,0,0,1,1,0,0,0,0,1,0
"21","A Streetcar Named Desire (1951)",1951,1,1,1,1,1,1,0,0,0,1,0,1,1,0,1,0,1,0
"22","A Tale of Two Cities (1936)",1936,1,0,0,0,0,0,0,0,1,0,0,0,0,0,0,0,0,0
"23","A Thousand Clowns (1965)",1965,1,0,0,0,0,0,1,0,0,0,0,1,0,0,0,0,0,0
"24","A Touch of Class (1973)",1973,1,0,0,1,0,0,0,0,0,1,1,0,0,0,0,0,0,0
"25","Airport (1970)",1970,1,0,0,0,1,1,1,0,1,1,0,0,1,0,1,0,1,0
"26","Alexander's Ragtime Band (1938)",1938,1,0,0,0,0,1,0,0,1,1,1,0,0,0,0,0,0,0
"27","Alfie (1966)",1966,1,0,1,0,0,0,1,0,0,0,1,0,1,0,0,0,0,0
"28","Alibi (1928)",1928,1,0,1,0,0,0,0,0,0,0,0,0,0,0,0,0,0,0
"29","Alice Adams (1935)",1935,1,0,0,1,0,0,0,0,0,0,0,0,0,0,0,0,0,0
"30","All Quiet on the Western Front (1929)",1929,1,1,0,0,1,0,0,0,0,0,0,0,0,0,0,0,0,1
"31","All Quiet on the Western Front (2022)",2022,1,0,0,0,1,1,1,0,0,1,0,0,0,1,0,1,1,0
"32","All That Jazz (1979)",1979,1,1,1,0,1,1,0,1,1,0,0,0,0,0,1,0,0,0
"33","All This, and Heaven Too (1940)",1940,1,0,0,0,1,0,0,0,0,0,0,0,1,0,0,0,0,0
"34","All about Eve (1950)",1950,1,1,0,1,1,1,0,0,1,1,0,1,1,0,1,0,1,1
"35","All the King's Men (1949)",1949,1,1,1,0,0,0,0,0,1,0,0,1,1,0,0,0,0,1
"36","All the President's Men (1976)",1976,1,1,0,0,0,1,1,0,1,0,0,1,1,0,0,0,1,0
"37","Amadeus (1984)",1984,1,1,1,0,1,1,0,0,1,0,0,0,0,0,1,1,1,1
"38","America America (1963)",1963,1,1,0,0,0,1,0,0,0,0,0,0,0,0,0,0,0,0
"39","American Beauty (1999)",1999,1,1,1,1,1,0,0,1,1,1,0,0,0,0,0,0,0,1
"40","American Graffiti (1973)",1973,1,1,0,0,0,0,0,0,1,0,0,0,1,0,0,0,0,0
"41","American Hustle (2013)",2013,1,1,1,1,0,1,0,1,1,0,0,1,1,0,1,0,0,0
"42","American Sniper (2014)",2014,1,0,1,0,0,0,1,0,1,0,0,0,0,0,0,0,1,0
"43","Amour (2012)",2012,1,1,0,1,0,0,0,1,0,0,0,0,0,0,0,0,0,0
"44","An American in Paris (1951)",1951,1,1,0,0,1,1,0,1,1,1,0,0,0,0,1,0,0,1
"45","An Education (2009)",2009,1,0,0,1,0,0,1,0,0,0,0,0,0,0,0,0,0,0
"46","An Unmarried Woman (1978)",1978,1,0,0,1,0,0,0,1,0,0,0,0,0,0,0,0,0,0
"47","Anatomy of a Murder (1959)",1959,1,0,1,0,1,0,1,0,1,0,0,1,0,0,0,0,0,0
"48","Anchors Aweigh (1945)",1945,1,0,1,0,1,0,0,0,0,1,1,0,0,0,0,0,0,0
"49","Anne of the Thousand Days (1969)",1969,1,0,1,1,1,1,1,0,0,0,0,1,0,0,1,0,1,0
"50","Annie Hall (1977)",1977,1,1,1,1,0,0,0,0,0,0,0,0,0,0,0,0,0,1
"51","Anthony Adverse (1936)",1936,1,0,0,0,1,1,0,0,1,1,0,0,1,0,0,0,0,0
"52","Apocalypse Now (1979)",1979,1,1,0,0,1,1,0,0,1,0,0,1,0,0,0,0,1,0
"53","Apollo 13 (1995)",1995,1,0,0,0,0,1,1,0,1,1,0,1,1,1,0,0,1,0
"54","Argo (2012)",2012,1,0,0,0,0,0,1,0,1,1,0,1,0,0,0,0,1,1
"55","Around the World in 80 Days (1956)",1956,1,1,0,0,1,1,1,0,1,1,0,0,0,0,1,0,0,1
"56","Arrival (2016)",2016,1,1,0,0,1,1,1,0,1,0,0,0,0,0,0,0,1,0
"57","Arrowsmith (1931)",1931,1,0,0,0,1,1,1,0,0,0,0,0,0,0,0,0,0,0
"58","As Good as It Gets (1997)",1997,1,0,1,1,0,0,0,1,1,1,0,1,0,0,0,0,0,0
"59","Atlantic City (1981)",1981,1,1,1,1,0,0,0,1,0,0,0,0,0,0,0,0,0,0
"60","Atonement (2007)",2007,1,0,0,0,1,1,1,0,0,1,0,0,1,0,1,0,0,0
"61","Auntie Mame (1958)",1958,1,0,0,1,1,1,0,0,1,0,0,0,1,0,0,0,0,0
"62","Avatar (2009)",2009,1,1,0,0,1,1,0,0,1,1,0,0,0,1,0,0,1,0
"63","Avatar: The Way of Water (2022)",2022,1,0,0,0,0,1,0,0,0,0,0,0,0,1,0,0,1,0
"64","Awakenings (1990)",1990,1,0,1,0,0,0,0,0,0,0,0,0,0,0,0,0,0,0
"65","Babe (1995)",1995,1,1,0,0,0,1,1,0,1,0,0,1,0,1,0,0,0,0
"66","Babel (2006)",2006,1,1,0,0,0,0,0,1,1,1,0,0,1,0,0,0,0,0
"67","Bad Girl (1931)",1931,1,1,0,0,0,0,1,0,0,0,0,0,0,0,0,0,0,0
"68","Barry Lyndon (1975)",1975,1,1,0,0,1,1,0,0,0,0,0,0,0,0,1,0,0,0
"69","Battleground (1949)",1949,1,1,0,0,1,0,0,1,1,0,0,1,0,0,0,0,0,0
"70","Beasts of the Southern Wild (2012)",2012,1,1,0,1,0,0,1,0,0,0,0,0,0,0,0,0,0,0
"71","Beauty and the Beast (1991)",1991,1,0,0,0,0,0,0,0,0,1,1,0,0,0,0,0,1,0
"72","Becket (1964)",1964,1,1,1,0,1,1,1,0,1,0,0,1,0,0,1,0,1,0
"73","Belfast (2021)",2021,1,1,0,0,0,0,0,1,0,0,1,1,1,0,0,0,1,0
"74","Ben-Hur (1959)",1959,1,1,1,0,1,1,1,0,1,1,0,1,0,1,1,0,1,1
"75","Birdman or (The Unexpected Virtue of Ignorance) (2014)",2014,1,1,1,0,1,0,0,1,0,0,0,1,1,0,0,0,1,1
"76","BlacKkKlansman (2018)",2018,1,1,0,0,0,0,1,0,1,1,0,1,0,0,0,0,0,0
"77","Black Panther (2018)",2018,1,0,0,0,0,1,0,0,0,1,1,0,0,0,1,0,1,0
"78","Black Swan (2010)",2010,1,1,0,1,1,0,0,0,1,0,0,0,0,0,0,0,0,0
"79","Blossoms in the Dust (1941)",1941,1,0,0,1,1,1,0,0,0,0,0,0,0,0,0,0,0,0
"80","Bohemian Rhapsody (2018)",2018,1,0,1,0,0,0,0,0,1,0,0,0,0,0,0,0,1,0
"81","Bonnie and Clyde (1967)",1967,1,1,1,1,1,0,0,0,0,0,0,1,1,0,1,0,0,0
"82","Born Yesterday (1950)",1950,1,1,0,1,0,0,0,0,0,0,0,0,0,0,1,0,0,0
"83","Born on the Fourth of July (1989)",1989,1,1,1,0,1,0,0,0,1,1,0,0,0,0,0,0,1,0
"84","Bound for Glory (1976)",1976,1,0,0,0,1,0,1,0,1,0,0,0,0,0,1,0,0,0
"85","Boyhood (2014)",2014,1,1,0,0,0,0,0,1,1,0,0,1,1,0,0,0,0,0
"86","Boys Town (1938)",1938,1,1,1,0,0,0,0,0,0,0,0,0,0,0,0,0,0,0
"87","Braveheart (1995)",1995,1,1,0,0,1,0,0,1,1,1,0,0,0,0,1,1,1,1
"88","Breaking Away (1979)",1979,1,1,0,0,0,0,0,1,0,0,0,0,1,0,0,0,0,0
"89","Bridge of Spies (2015)",2015,1,0,0,0,0,1,0,1,0,1,0,1,0,0,0,0,1,0
"90","Broadcast News (1987)",1987,1,0,1,1,1,0,0,1,1,0,0,1,0,0,0,0,0,0
"91","Broadway Melody of 1936 (1935)",1935,1,0,0,0,0,0,0,0,0,0,0,0,0,0,0,0,0,0
"92","Brokeback Mountain (2005)",2005,1,1,1,0,1,0,1,0,0,1,0,1,1,0,0,0,0,0
"93","Brooklyn (2015)",2015,1,0,0,1,0,0,1,0,0,0,0,0,0,0,0,0,0,0
"94","Bugsy (1991)",1991,1,1,1,0,1,1,0,1,0,1,0,1,0,0,1,0,0,0
"95","Butch Cassidy and the Sundance Kid (1969)",1969,1,1,0,0,1,0,0,0,0,0,0,0,0,0,0,0,1,0
"96","CODA (2021)",2021,1,0,0,0,0,0,1,0,0,0,0,1,0,0,0,0,0,1
"97","Cabaret (1972)",1972,1,1,0,1,1,1,1,0,1,0,0,1,0,0,0,0,1,0
"98","Call Me by Your Name (2017)",2017,1,0,1,0,0,0,1,0,0,0,1,0,0,0,0,0,0,0
"99","Capote (2005)",2005,1,1,1,0,0,0,1,0,0,0,0,0,1,0,0,0,0,0
"100","Captain Blood (1935)",1935,1,1,0,0,0,0,0,0,0,1,0,0,0,0,0,0,1,0
"101","Captain Phillips (2013)",2013,1,0,0,0,0,0,1,0,1,0,0,1,0,0,0,0,1,0
"102","Captains Courageous (1937)",1937,1,0,1,0,0,0,0,0,1,0,0,0,0,0,0,0,0,0
"103","Casablanca (1943)",1943,1,1,1,0,1,0,0,0,1,1,0,1,0,0,0,0,0,1
"104","Cat on a Hot Tin Roof (1958)",1958,1,1,1,1,1,0,1,0,0,0,0,0,0,0,0,0,0,0
"105","Cavalcade (1932)",1932,1,1,0,1,0,1,0,0,0,0,0,0,0,0,0,0,0,1
"106","Chariots of Fire (1981)",1981,1,1,0,0,0,0,0,1,1,1,0,1,0,0,1,0,0,1
"107","Chicago (2002)",2002,1,1,0,1,1,1,1,0,1,0,1,1,1,0,1,0,1,1
"108","Children of a Lesser God (1986)",1986,1,0,1,1,0,0,0,0,0,0,0,0,1,0,0,0,0,0
"109","Chinatown (1974)",1974,1,1,1,1,1,1,0,1,1,1,0,0,0,0,1,0,1,0
"110","Chocolat (2000)",2000,1,0,0,1,0,0,1,0,0,1,0,0,1,0,0,0,0,0
"111","Cimarron (1930)",1930,1,1,1,1,1,1,1,0,0,0,0,0,0,0,0,0,0,1
"112","Citizen Kane (1941)",1941,1,1,1,0,1,1,0,1,1,1,0,0,0,0,0,0,1,0
"113","Cleopatra (1934)",1934,1,0,0,0,1,0,0,0,1,0,0,0,0,0,0,0,1,0
"114","Cleopatra (1963)",1963,1,0,1,0,1,1,0,0,1,0,0,0,0,1,1,0,1,0
"115","Coal Miner's Daughter (1980)",1980,1,0,0,1,1,1,0,0,1,0,0,0,0,0,0,0,1,0
"116","Coming Home (1978)",1978,1,1,1,1,0,0,0,1,1,0,0,1,1,0,0,0,0,0
"117","Crash (2005)",2005,1,1,0,0,0,0,0,1,1,0,1,1,0,0,0,0,0,1
"118","Cries and Whispers (1973)",1973,1,1,0,0,1,0,0,0,0,0,0,0,0,0,1,0,0,0
"119","Crossfire (1947)",1947,1,1,0,0,0,0,0,0,0,0,0,1,1,0,0,0,0,0
"120","Crouching Tiger, Hidden Dragon (2000)",2000,1,1,0,0,1,1,1,0,1,1,1,0,0,0,1,0,0,0
"121","Dallas Buyers Club (2013)",2013,1,0,1,0,0,0,0,1,1,0,0,1,0,0,0,1,0,0
"122","Dances With Wolves (1990)",1990,1,1,1,0,1,1,0,0,1,1,0,1,1,0,1,0,1,1
"123","Dangerous Liaisons (1988)",1988,1,0,0,1,0,1,0,0,0,1,0,0,1,0,1,0,0,0
"124","Dark Victory (1939)",1939,1,0,0,1,0,0,0,0,0,1,0,0,0,0,0,0,0,0
"125","Darkest Hour (2017)",2017,1,0,1,0,1,1,0,0,0,0,0,0,0,0,1,1,0,0
"126","Darling (1965)",1965,1,1,0,1,0,0,0,0,0,0,0,0,0,0,1,0,0,0
"127","David Copperfield (1935)",1935,1,0,0,0,0,0,0,0,1,0,0,0,0,0,0,0,0,0
"128","Dead End (1937)",1937,1,0,0,0,1,1,0,0,0,0,0,0,1,0,0,0,0,0
"129","Dead Poets Society (1989)",1989,1,1,1,0,0,0,0,1,0,0,0,0,0,0,0,0,0,0
"130","Decision before Dawn (1951)",1951,1,0,0,0,0,0,0,0,1,0,0,0,0,0,0,0,0,0
"131","Deliverance (1972)",1972,1,1,0,0,0,0,0,0,1,0,0,0,0,0,0,0,0,0
"132","Disraeli (1929)",1929,1,0,1,0,0,0,0,0,0,0,0,0,0,0,0,0,0,0
"133","District 9 (2009)",2009,1,0,0,0,0,0,1,0,1,0,0,0,0,1,0,0,0,0
"134","Django Unchained (2012)",2012,1,0,0,0,1,0,0,1,0,0,0,1,0,0,0,0,0,0
"135","Doctor Dolittle (1967)",1967,1,0,0,0,1,1,0,0,1,0,1,0,0,1,0,0,1,0
"136","Doctor Zhivago (1965)",1965,1,1,0,0,1,1,1,0,1,0,0,1,0,0,1,0,1,0
"137","Dodsworth (1936)",1936,1,1,1,0,0,1,0,0,0,0,0,0,1,0,0,0,1,0
"138","Dog Day Afternoon (1975)",1975,1,1,1,0,0,0,0,1,1,0,0,1,0,0,0,0,0,0
"139","Don't Look Up (2021)",2021,1,0,0,0,0,0,0,1,1,1,0,0,0,0,0,0,0,0
"140","Double Indemnity (1944)",1944,1,1,0,1,1,0,0,0,0,1,0,0,0,0,0,0,1,0
"141","Dr. Strangelove or: How I Learned to Stop Worrying and Love the Bomb (1964)",1964,1,1,1,0,0,0,1,0,0,0,0,0,0,0,0,0,0,0
"142","Drive My Car (2021)",2021,1,1,0,0,0,0,1,0,0,0,0,0,0,0,0,0,0,0
"143","Driving Miss Daisy (1989)",1989,1,0,1,1,0,1,0,0,1,0,0,1,0,0,1,1,0,1
"144","Dune (2021)",2021,1,0,0,0,1,1,1,0,1,1,0,0,0,1,1,1,1,0
"145","Dunkirk (2017)",2017,1,1,0,0,1,1,0,0,1,1,0,0,0,0,0,0,1,0
"146","E.T. The Extra-Terrestrial (1982)",1982,1,1,0,0,1,0,0,1,1,1,0,0,0,1,0,0,1,0
"147","East Lynne (1930)",1930,1,0,0,0,0,0,0,0,0,0,0,0,0,0,0,0,0,0
"148","Elizabeth (1998)",1998,1,0,0,1,1,1,0,0,0,1,0,0,0,0,1,1,0,0
"149","Elmer Gantry (1960)",1960,1,0,1,0,0,0,1,0,0,1,0,0,1,0,0,0,0,0
"150","Elvis (2022)",2022,1,0,1,0,1,1,0,0,1,0,0,0,0,0,1,1,1,0
"151","Erin Brockovich (2000)",2000,1,1,0,1,0,0,0,1,0,0,0,1,0,0,0,0,0,0
"152","Everything Everywhere All at Once (2022)",2022,1,1,0,1,0,0,0,1,1,1,1,1,1,0,1,0,0,1
"153","Extremely Loud & Incredibly Close (2011)",2011,1,0,0,0,0,0,0,0,0,0,0,1,0,0,0,0,0,0
"154","Fanny (1961)",1961,1,0,1,0,1,0,0,0,1,1,0,0,0,0,0,0,0,0
"155","Fargo (1996)",1996,1,1,0,1,1,0,0,1,1,0,0,1,0,0,0,0,0,0
"156","Fatal Attraction (1987)",1987,1,1,0,1,0,0,0,0,1,0,0,0,1,0,0,0,0,0
"157","Father of the Bride (1950)",1950,1,0,1,0,0,0,0,0,0,0,0,0,0,0,0,0,0,0
"158","Fences (2016)",2016,1,0,1,0,0,0,1,0,0,0,0,0,1,0,0,0,0,0
"159","Fiddler on the Roof (1971)",1971,1,1,1,0,1,1,0,0,0,0,0,1,0,0,0,0,1,0
"160","Field of Dreams (1989)",1989,1,0,0,0,0,0,0,0,0,1,0,0,0,0,0,0,0,0
"161","Finding Neverland (2004)",2004,1,0,1,0,0,1,1,0,1,1,0,0,0,0,1,0,0,0
"162","Five Easy Pieces (1970)",1970,1,0,1,0,0,0,0,0,0,0,0,0,1,0,0,0,0,0
"163","Five Star Final (1931)",1931,1,0,0,0,0,0,0,0,0,0,0,0,0,0,0,0,0,0
"164","Flirtation Walk (1934)",1934,1,0,0,0,0,0,0,0,0,0,0,0,0,0,0,0,1,0
"165","For Whom the Bell Tolls (1943)",1943,1,0,1,1,1,1,0,0,1,1,0,1,1,0,0,0,0,0
"166","Ford v Ferrari (2019)",2019,1,0,0,0,0,0,0,0,1,0,0,0,0,0,0,0,1,0
"167","Foreign Correspondent (1940)",1940,1,0,0,0,1,1,0,1,0,0,0,1,0,1,0,0,0,0
"168","Forrest Gump (1994)",1994,1,1,1,0,1,1,1,0,1,1,0,1,0,1,0,1,1,1
"169","Four Daughters (1938)",1938,1,1,0,0,0,0,0,0,0,0,0,1,0,0,0,0,1,0
"170","Four Weddings and a Funeral (1994)",1994,1,0,0,0,0,0,0,1,0,0,0,0,0,0,0,0,0,0
"171","Friendly Persuasion (1956)",1956,1,1,0,0,0,0,1,0,0,0,1,1,0,0,0,0,1,0
"172","From Here to Eternity (1953)",1953,1,1,1,1,1,0,0,0,1,1,0,1,1,0,1,0,1,1
"173","Frost/Nixon (2008)",2008,1,1,1,0,0,0,1,0,1,0,0,0,0,0,0,0,0,0
"174","Funny Girl (1968)",1968,1,0,0,1,1,0,0,0,1,1,0,0,1,0,0,0,1,0
"175","Gandhi (1982)",1982,1,1,1,0,1,1,0,1,1,1,0,0,0,0,1,1,1,1
"176","Gangs of New York (2002)",2002,1,1,1,0,1,1,0,1,1,0,1,0,0,0,1,0,1,0
"177","Gaslight (1944)",1944,1,0,1,1,1,1,0,0,0,0,0,0,1,0,0,0,0,0
"178","Gentleman's Agreement (1947)",1947,1,1,1,1,0,0,0,0,1,0,0,0,1,0,0,0,0,1
"179","Get Out (2017)",2017,1,1,1,0,0,0,0,1,0,0,0,0,0,0,0,0,0,0
"180","Ghost (1990)",1990,1,0,0,0,0,0,0,1,1,1,0,0,1,0,0,0,0,0
"181","Giant (1956)",1956,1,1,1,0,0,1,1,0,1,1,0,0,1,0,1,0,0,0
"182","Gigi (1958)",1958,1,1,0,0,1,1,1,0,1,1,1,0,0,0,1,0,0,1
"183","Gladiator (2000)",2000,1,1,1,0,1,1,0,1,1,1,0,1,0,1,1,0,1,1
"184","Going My Way (1944)",1944,1,1,1,0,1,0,0,0,1,0,1,1,0,0,0,0,0,1
"185","Gone with the Wind (1939)",1939,1,1,1,1,1,1,0,0,1,1,0,0,1,1,0,0,1,1
"186","Good Fellas (1990)",1990,1,1,0,0,0,0,0,0,1,0,0,1,1,0,0,0,0,0
"187","Good Night, and Good Luck. (2005)",2005,1,1,1,0,1,1,0,1,0,0,0,0,0,0,0,0,0,0
"188","Good Will Hunting (1997)",1997,1,1,1,0,0,0,0,1,1,1,1,1,1,0,0,0,0,0
"189","Goodbye, Mr. Chips (1939)",1939,1,1,1,1,0,0,0,0,1,0,0,0,0,0,0,0,1,0
"190","Gosford Park (2001)",2001,1,1,0,0,0,1,0,1,0,0,0,0,1,0,1,0,0,0
"191","Grand Hotel (1931)",1931,1,0,0,0,0,0,0,0,0,0,0,0,0,0,0,0,0,1
"192","Grand Illusion (1938)",1938,1,0,0,0,0,0,0,0,0,0,0,0,0,0,0,0,0,0
"193","Gravity (2013)",2013,1,1,0,1,1,1,0,0,1,1,0,0,0,1,0,0,1,0
"194","Great Expectations (1947)",1947,1,1,0,0,1,1,0,0,0,0,0,0,0,0,0,0,0,0
"195","Green Book (2018)",2018,1,0,1,0,0,0,0,1,1,0,0,1,0,0,0,0,0,1
"196","Guess Who's Coming to Dinner (1967)",1967,1,1,1,1,0,1,0,0,1,0,0,1,1,0,0,0,0,0
"197","Hacksaw Ridge (2016)",2016,1,1,1,0,0,0,0,0,1,0,0,0,0,0,0,0,1,0
"198","Hamlet (1948)",1948,1,1,1,0,0,1,0,0,0,1,0,0,1,0,1,0,0,1
"199","Hannah and Her Sisters (1986)",1986,1,1,0,0,0,1,0,1,1,0,0,1,1,0,0,0,0,0
"200","Heaven Can Wait (1943)",1943,1,1,0,0,1,0,0,0,0,0,0,0,0,0,0,0,0,0
"201","Heaven Can Wait (1978)",1978,1,1,1,0,1,1,0,0,0,1,0,1,1,0,0,0,0,0
"202","Hell or High Water (2016)",2016,1,0,0,0,0,0,0,1,1,0,0,1,0,0,0,0,0,0
"203","Hello, Dolly! (1969)",1969,1,0,0,0,1,1,0,0,1,1,0,0,0,0,1,0,1,0
"204","Henry V (1946)",1946,1,0,1,0,0,1,0,0,0,1,0,0,0,0,0,0,0,0
"205","Her (2013)",2013,1,0,0,0,0,1,0,1,0,1,1,0,0,0,0,0,0,0
"206","Here Comes Mr. Jordan (1941)",1941,1,1,1,0,1,0,0,0,0,0,0,1,0,0,0,0,0,0
"207","Here Comes the Navy (1934)",1934,1,0,0,0,0,0,0,0,0,0,0,0,0,0,0,0,0,0
"208","Hidden Figures (2016)",2016,1,0,0,0,0,0,1,0,0,0,0,0,1,0,0,0,0,0
"209","High Noon (1952)",1952,1,1,1,0,0,0,0,0,1,1,1,0,0,0,0,0,0,0
"210","Hold Back the Dawn (1941)",1941,1,0,0,1,1,1,0,0,0,1,0,0,0,0,0,0,0,0
"211","Hollywood Revue (1928)",1928,1,0,0,0,0,0,0,0,0,0,0,0,0,0,0,0,0,0
"212","Hope and Glory (1987)",1987,1,1,0,0,1,1,0,1,0,0,0,0,0,0,0,0,0,0
"213","How Green Was My Valley (1941)",1941,1,1,0,0,1,1,0,0,1,1,0,1,1,0,0,0,1,1
"214","How the West Was Won (1963)",1963,1,0,0,0,1,1,0,0,1,0,0,0,0,0,1,0,1,0
"215","Howards End (1992)",1992,1,1,0,1,1,1,1,0,0,1,0,0,1,0,1,0,0,0
"216","Hugo (2011)",2011,1,1,0,0,1,1,1,0,1,1,0,0,0,1,1,0,1,0
"217","I Am a Fugitive from a Chain Gang (1932)",1932,1,0,1,0,0,0,0,0,0,0,0,0,0,0,0,0,1,0
"218","Imitation of Life (1934)",1934,1,0,0,0,0,0,0,0,0,0,0,0,0,0,0,0,1,0
"219","In Old Arizona (1928)",1928,1,1,1,0,1,0,0,0,0,0,0,0,0,0,0,0,0,0
"220","In Old Chicago (1937)",1937,1,0,0,0,0,0,0,0,0,1,0,0,1,0,0,0,1,0
"221","In Which We Serve (1943)",1943,1,0,0,0,0,0,0,1,0,0,0,0,0,0,0,0,0,0
"222","In the Bedroom (2001)",2001,1,0,1,1,0,0,1,0,0,0,0,0,1,0,0,0,0,0
"223","In the Heat of the Night (1967)",1967,1,1,1,0,0,0,1,0,1,0,0,0,0,0,0,0,1,1
"224","In the Name of the Father (1993)",1993,1,1,1,0,0,0,1,0,1,0,0,1,1,0,0,0,0,0
"225","Inception (2010)",2010,1,0,0,0,1,1,0,1,0,1,0,0,0,1,0,0,1,0
"226","Inglourious Basterds (2009)",2009,1,1,0,0,1,0,0,1,1,0,0,1,0,0,0,0,1,0
"227","It Happened One Night (1934)",1934,1,1,1,1,0,0,1,0,0,0,0,0,0,0,0,0,0,1
"228","It's a Wonderful Life (1946)",1946,1,1,1,0,0,0,0,0,1,0,0,0,0,0,0,0,1,0
"229","Ivanhoe (1952)",1952,1,0,0,0,1,0,0,0,0,1,0,0,0,0,0,0,0,0
"230","JFK (1991)",1991,1,1,0,0,1,0,1,0,1,1,0,1,0,0,0,0,1,0
"231","Jaws (1975)",1975,1,0,0,0,0,0,0,0,1,1,0,0,0,0,0,0,1,0
"232","Jerry Maguire (1996)",1996,1,0,1,0,0,0,0,1,1,0,0,1,0,0,0,0,0,0
"233","Jezebel (1938)",1938,1,0,0,1,1,0,0,0,0,1,0,0,1,0,0,0,0,0
"234","Johnny Belinda (1948)",1948,1,1,1,1,1,1,0,0,1,1,0,1,1,0,0,0,1,0
"235","Jojo Rabbit (2019)",2019,1,0,0,0,0,1,1,0,1,0,0,0,1,0,1,0,0,0
"236","Joker (2019)",2019,1,1,1,0,1,0,1,0,1,1,0,0,0,0,1,1,1,0
"237","Judas and the Black Messiah (2020)",2020,1,0,0,0,1,0,0,1,0,0,1,1,0,0,0,0,0,0
"238","Judgment at Nuremberg (1961)",1961,1,1,1,0,1,1,1,0,1,0,0,1,1,0,1,0,0,0
"239","Julia (1977)",1977,1,1,0,1,1,0,1,0,1,1,0,1,1,0,1,0,0,0
"240","Julius Caesar (1953)",1953,1,0,1,0,1,1,0,0,0,1,0,0,0,0,0,0,0,0
"241","Juno (2007)",2007,1,1,0,1,0,0,0,1,0,0,0,0,0,0,0,0,0,0
"242","King Richard (2021)",2021,1,0,1,0,0,0,0,1,1,0,1,0,1,0,0,0,0,0
"243","King Solomon's Mines (1950)",1950,1,0,0,0,1,0,0,0,1,0,0,0,0,0,0,0,0,0
"244","Kings Row (1942)",1942,1,1,0,0,1,0,0,0,0,0,0,0,0,0,0,0,0,0
"245","Kiss of the Spider Woman (1985)",1985,1,1,1,0,0,0,0,0,0,0,0,0,0,0,0,0,0,0
"246","Kitty Foyle (1940)",1940,1,1,0,1,0,0,0,0,0,0,0,0,0,0,0,0,1,0
"247","Kramer vs. Kramer (1979)",1979,1,1,1,0,1,0,0,0,1,0,0,1,1,0,0,0,0,1
"248","L.A. Confidential (1997)",1997,1,1,0,0,1,1,1,0,1,1,0,0,1,0,0,0,1,0
"249","La La Land (2016)",2016,1,1,1,1,1,1,0,1,1,1,1,0,0,0,1,0,1,0
"250","Lady Bird (2017)",2017,1,1,0,1,0,0,0,1,0,0,0,0,1,0,0,0,0,0
"251","Lady for a Day (1932)",1932,1,1,0,1,0,0,1,0,0,0,0,0,0,0,0,0,0,0
"252","Lawrence of Arabia (1962)",1962,1,1,1,0,1,1,1,0,1,0,0,1,0,0,0,0,1,1
"253","Lenny (1974)",1974,1,1,1,1,1,0,0,0,0,0,0,0,0,0,0,0,0,0
"254","Les Miserables (1935)",1935,1,0,0,0,1,0,0,0,1,0,0,0,0,0,0,0,0,0
"255","Les Misérables (2012)",2012,1,0,1,0,0,1,0,0,0,0,1,0,1,0,1,1,1,0
"256","Letters from Iwo Jima (2006)",2006,1,1,0,0,0,0,0,1,0,0,0,0,0,0,0,0,0,0
"257","Libeled Lady (1936)",1936,1,0,0,0,0,0,0,0,0,0,0,0,0,0,0,0,0,0
"258","Licorice Pizza (2021)",2021,1,1,0,0,0,0,0,1,0,0,0,0,0,0,0,0,0,0
"259","Life Is Beautiful (1998)",1998,1,1,1,0,0,0,0,1,1,1,0,0,0,0,0,0,0,0
"260","Life of Pi (2012)",2012,1,1,0,0,1,1,1,0,1,1,1,0,0,1,0,0,1,0
"261","Lilies of the Field (1963)",1963,1,0,1,0,1,0,1,0,0,0,0,0,1,0,0,0,0,0
"262","Lincoln (2012)",2012,1,1,1,0,1,1,1,0,1,1,0,1,1,0,1,0,1,0
"263","Lion (2016)",2016,1,0,0,0,1,0,1,0,0,1,0,1,1,0,0,0,0,0
"264","Little Miss Sunshine (2006)",2006,1,0,0,0,0,0,0,1,0,0,0,1,1,0,0,0,0,0
"265","Little Women (1932)",1932,1,1,0,0,0,0,1,0,0,0,0,0,0,0,0,0,0,0
"266","Little Women (2019)",2019,1,0,0,1,0,0,1,0,0,1,0,0,1,0,1,0,0,0
"267","Lost Horizon (1937)",1937,1,0,0,0,0,1,0,0,1,1,0,1,0,0,0,0,1,0
"268","Lost in Translation (2003)",2003,1,1,1,0,0,0,0,1,0,0,0,0,0,0,0,0,0,0
"269","Love Affair (1939)",1939,1,0,0,1,0,1,0,0,0,0,1,0,1,0,0,0,0,0
"270","Love Is a Many-Splendored Thing (1955)",1955,1,0,0,1,1,1,0,0,0,1,1,0,0,0,1,0,1,0
"271","Love Story (1970)",1970,1,1,1,1,0,0,0,0,0,1,0,1,0,0,0,0,0,0
"272","M*A*S*H (1970)",1970,1,1,0,0,0,0,1,0,1,0,0,0,1,0,0,0,0,0
"273","Mad Max: Fury Road (2015)",2015,1,1,0,0,1,1,0,0,1,0,0,0,0,1,1,1,1,0
"274","Madame Curie (1943)",1943,1,0,1,1,1,1,0,0,0,1,0,0,0,0,0,0,1,0
"275","Manchester by the Sea (2016)",2016,1,1,1,0,0,0,0,1,0,0,0,1,1,0,0,0,0,0
"276","Mank (2020)",2020,1,1,1,0,1,1,0,0,0,1,0,0,1,0,1,1,1,0
"277","Marriage Story (2019)",2019,1,0,1,1,0,0,0,1,0,1,0,0,1,0,0,0,0,0
"278","Marty (1955)",1955,1,1,1,0,1,1,0,0,0,0,0,1,1,0,0,0,0,1
"279","Mary Poppins (1964)",1964,1,1,0,1,1,1,1,0,1,0,1,0,0,1,1,0,1,0
"280","Master and Commander: The Far Side of the World (2003)",2003,1,1,0,0,1,1,0,0,1,0,0,0,0,1,1,1,1,0
"281","Meredith Willson's The Music Man (1962)",1962,1,0,0,0,0,1,0,0,1,0,0,0,0,0,1,0,1,0
"282","Michael Clayton (2007)",2007,1,1,1,0,0,0,0,1,0,1,0,1,1,0,0,0,0,0
"283","Midnight Cowboy (1969)",1969,1,1,1,0,0,0,1,0,1,0,0,0,1,0,0,0,0,1
"284","Midnight Express (1978)",1978,1,1,0,0,0,0,0,0,1,1,0,1,0,0,0,0,0,0
"285","Midnight in Paris (2011)",2011,1,1,0,0,0,1,0,1,0,0,0,0,0,0,0,0,0,0
"286","Mildred Pierce (1945)",1945,1,0,0,1,1,0,0,0,0,0,0,0,1,0,0,0,0,0
"287","Milk (2008)",2008,1,1,1,0,0,0,0,1,1,1,0,1,0,0,1,0,0,0
"288","Million Dollar Baby (2004)",2004,1,1,1,1,0,0,1,0,1,0,0,1,0,0,0,0,0,1
"289","Minari (2020)",2020,1,1,1,0,0,0,0,1,0,1,0,0,1,0,0,0,0,0
"290","Miracle on 34th Street (1947)",1947,1,0,0,0,0,0,0,0,0,0,0,1,0,0,0,0,0,0
"291","Missing (1982)",1982,1,0,1,1,0,0,0,0,0,0,0,0,0,0,0,0,0,0
"292","Mississippi Burning (1988)",1988,1,1,1,0,1,0,0,0,1,0,0,0,1,0,0,0,1,0
"293","Mister Roberts (1955)",1955,1,0,0,0,0,0,0,0,0,0,0,1,0,0,0,0,1,0
"294","Moneyball (2011)",2011,1,0,1,0,0,0,1,0,1,0,0,1,0,0,0,0,1,0
"295","Moonlight (2016)",2016,1,1,0,0,1,0,1,0,1,1,0,1,1,0,0,0,0,1
"296","Moonstruck (1987)",1987,1,1,0,1,0,0,0,1,0,0,0,1,1,0,0,0,0,0
"297","Moulin Rouge (1952)",1952,1,1,1,0,0,1,0,0,1,0,0,0,1,0,1,0,0,0
"298","Moulin Rouge (2001)",2001,1,0,0,1,1,1,0,0,1,0,0,0,0,0,1,1,1,0
"299","Mr. Deeds Goes to Town (1936)",1936,1,1,1,0,0,0,0,0,0,0,0,0,0,0,0,0,1,0
"300","Mr. Smith Goes to Washington (1939)",1939,1,1,1,0,0,1,0,0,1,1,0,1,0,0,0,0,1,0
"301","Mrs. Miniver (1942)",1942,1,1,1,1,1,0,0,0,1,0,0,1,1,1,0,0,1,1
"302","Munich (2005)",2005,1,1,0,0,0,0,1,0,1,1,0,0,0,0,0,0,0,0
"303","Mutiny on the Bounty (1935)",1935,1,1,1,0,0,0,0,0,1,1,0,0,0,0,0,0,0,1
"304","Mutiny on the Bounty (1962)",1962,1,0,0,0,1,1,0,0,1,0,1,0,0,1,0,0,0,0
"305","My Fair Lady (1964)",1964,1,1,1,0,1,1,1,0,1,0,0,1,1,0,1,0,1,1
"306","My Left Foot (1989)",1989,1,1,1,0,0,0,0,0,0,0,0,0,1,0,0,0,0,0
"307","Mystic River (2003)",2003,1,1,1,0,0,0,1,0,0,0,0,1,1,0,0,0,0,0
"308","Nashville (1975)",1975,1,1,0,0,0,0,0,0,0,0,1,0,1,0,0,0,0,0
"309","Naughty Marietta (1935)",1935,1,0,0,0,0,0,0,0,0,0,0,0,0,0,0,0,1,0
"310","Nebraska (2013)",2013,1,1,1,0,1,0,0,1,0,0,0,0,1,0,0,0,0,0
"311","Network (1976)",1976,1,1,1,1,1,0,0,0,1,0,0,1,1,0,0,0,0,0
"312","Nicholas and Alexandra (1971)",1971,1,0,0,1,1,1,0,0,0,1,0,0,0,0,1,0,0,0
"313","Nightmare Alley (2021)",2021,1,0,0,0,1,1,0,0,0,0,0,0,0,0,1,0,0,0
"314","Ninotchka (1939)",1939,1,0,0,1,0,0,0,0,0,0,0,0,0,0,0,0,0,0
"315","No Country for Old Men (2007)",2007,1,1,0,0,1,0,1,0,1,0,0,1,0,0,0,0,1,1
"316","Nomadland (2020)",2020,1,1,0,1,1,0,1,0,1,0,0,0,0,0,0,0,0,1
"317","Norma Rae (1979)",1979,1,0,0,1,0,0,0,0,0,0,1,0,0,0,0,0,0,0
"318","Of Mice and Men (1939)",1939,1,0,0,0,1,0,0,0,0,1,0,0,0,0,0,0,1,0
"319","Oliver! (1968)",1968,1,1,1,0,1,1,1,0,1,1,0,1,0,0,1,0,1,1
"320","On Golden Pond (1981)",1981,1,1,1,1,1,0,0,0,1,1,0,0,1,0,0,0,1,0
"321","On the Waterfront (1954)",1954,1,1,1,0,1,1,0,1,1,1,0,1,1,0,0,0,0,1
"322","Once upon a Time...in Hollywood (2019)",2019,1,1,1,0,1,1,0,1,0,0,0,1,0,0,1,0,1,0
"323","One Flew over the Cuckoo's Nest (1975)",1975,1,1,1,1,1,0,0,0,1,1,0,1,0,0,0,0,0,1
"324","One Foot in Heaven (1941)",1941,1,0,0,0,0,0,0,0,0,0,0,0,0,0,0,0,0,0
"325","One Hour with You (1931)",1931,1,0,0,0,0,0,0,0,0,0,0,0,0,0,0,0,0,0
"326","One Hundred Men and a Girl (1937)",1937,1,0,0,0,0,0,0,0,1,1,0,0,0,0,0,0,1,0
"327","One Night of Love (1934)",1934,1,1,0,1,0,0,0,0,1,1,0,0,0,0,0,0,1,0
"328","Ordinary People (1980)",1980,1,1,0,1,0,0,0,0,0,0,0,1,0,0,0,0,0,1
"329","Our Town (1940)",1940,1,0,0,1,0,1,0,0,0,1,0,0,0,0,0,0,1,0
"330","Out of Africa (1985)",1985,1,1,0,1,1,1,0,0,1,1,0,1,0,0,1,0,1,1
"331","Parasite (2019)",2019,1,1,0,0,0,1,0,1,1,0,0,0,0,0,0,0,0,1
"332","Patton (1970)",1970,1,1,1,0,1,1,0,0,1,1,0,0,0,1,0,0,1,1
"333","Peyton Place (1957)",1957,1,1,0,1,1,0,1,0,0,0,0,1,1,0,0,0,0,0
"334","Phantom Thread (2017)",2017,1,1,1,0,0,0,0,0,0,1,0,0,1,0,1,0,0,0
"335","Philomena (2013)",2013,1,0,0,1,0,0,1,0,0,1,0,0,0,0,0,0,0,0
"336","Picnic (1955)",1955,1,1,0,0,0,1,0,0,1,1,0,1,0,0,0,0,0,0
"337","Places in the Heart (1984)",1984,1,1,0,1,0,0,0,1,0,0,0,1,1,0,1,0,0,0
"338","Platoon (1986)",1986,1,1,0,0,1,0,0,1,1,0,0,1,0,0,0,0,1,1
"339","Precious: Based on the Novel 'Push' by Sapphire (2009)",2009,1,1,0,1,0,0,1,0,1,0,0,0,1,0,0,0,0,0
"340","Prizzi's Honor (1985)",1985,1,1,1,0,0,0,0,0,1,0,0,1,1,0,1,0,0,0
"341","Promising Young Woman (2020)",2020,1,1,0,1,0,0,0,1,1,0,0,0,0,0,0,0,0,0
"342","Pulp Fiction (1994)",1994,1,1,1,0,0,0,0,1,1,0,0,1,1,0,0,0,0,0
"343","Pygmalion (1938)",1938,1,0,1,1,0,0,0,0,0,0,0,0,0,0,0,0,0,0
"344","Quiz Show (1994)",1994,1,1,0,0,0,0,1,0,0,0,0,1,0,0,0,0,0,0
"345","Quo Vadis (1951)",1951,1,0,0,0,1,1,0,0,1,1,0,1,0,0,1,0,0,0
"346","Rachel, Rachel (1968)",1968,1,0,0,1,0,0,1,0,0,0,0,0,1,0,0,0,0,0
"347","Raging Bull (1980)",1980,1,1,1,0,1,0,0,0,1,0,0,1,1,0,0,0,1,0
"348","Raiders of the Lost Ark (1981)",1981,1,1,0,0,1,1,0,0,1,1,0,0,0,1,0,0,1,0
"349","Rain Man (1988)",1988,1,1,1,0,1,1,0,1,1,1,0,0,0,0,0,0,0,1
"350","Random Harvest (1942)",1942,1,1,1,0,0,1,0,0,0,1,0,0,1,0,0,0,0,0
"351","Ray (2004)",2004,1,1,1,0,0,0,0,0,1,0,0,0,0,0,1,0,1,0
"352","Rebecca (1940)",1940,1,1,1,1,1,1,0,0,1,1,0,0,1,1,0,0,0,1
"353","Reds (1981)",1981,1,1,1,1,1,1,0,1,1,0,0,1,1,0,1,0,1,0
"354","Rocky (1976)",1976,1,1,1,1,0,0,0,0,1,0,1,1,0,0,0,0,1,1
"355","Roma (2018)",2018,1,1,0,1,1,1,0,1,0,0,0,0,1,0,0,0,1,0
"356","Roman Holiday (1953)",1953,1,1,0,1,1,1,0,0,1,0,0,1,0,0,1,0,0,0
"357","Romeo and Juliet (1936)",1936,1,0,0,1,0,1,0,0,0,0,0,1,0,0,0,0,0,0
"358","Romeo and Juliet (1968)",1968,1,1,0,0,1,0,0,0,0,0,0,0,0,0,1,0,0,0
"359","Room (2015)",2015,1,1,0,1,0,0,1,0,0,0,0,0,0,0,0,0,0,0
"360","Room at the Top (1959)",1959,1,1,1,1,0,0,1,0,0,0,0,0,1,0,0,0,0,0
"361","Ruggles of Red Gap (1935)",1935,1,0,0,0,0,0,0,0,0,0,0,0,0,0,0,0,0,0
"362","San Francisco (1936)",1936,1,1,1,0,0,0,0,0,0,0,0,0,0,0,0,0,1,0
"363","Saving Private Ryan (1998)",1998,1,1,1,0,1,1,0,1,1,1,0,0,0,0,0,1,1,0
"364","Sayonara (1957)",1957,1,1,1,0,1,1,1,0,1,0,0,1,1,0,0,0,1,0
"365","Scent of a Woman (1992)",1992,1,1,1,0,0,0,1,0,0,0,0,0,0,0,0,0,0,0
"366","Schindler's List (1993)",1993,1,1,1,0,1,1,1,0,1,1,0,1,0,0,1,1,1,1
"367","Seabiscuit (2003)",2003,1,0,0,0,1,1,1,0,1,0,0,0,0,0,1,0,1,0
"368","Secrets & Lies (1996)",1996,1,1,0,1,0,0,0,1,0,0,0,0,1,0,0,0,0,0
"369","Selma (2014)",2014,1,0,0,0,0,0,0,0,0,0,1,0,0,0,0,0,0,0
"370","Sense and Sensibility (1995)",1995,1,0,0,1,1,0,1,0,0,1,0,0,1,0,1,0,0,0
"371","Separate Tables (1958)",1958,1,0,1,1,1,0,1,0,0,1,0,0,1,0,0,0,0,0
"372","Sergeant York (1941)",1941,1,1,1,0,1,1,0,1,1,1,0,1,1,0,0,0,1,0
"373","Seven Brides for Seven Brothers (1954)",1954,1,0,0,0,1,0,0,0,1,1,0,0,0,0,0,0,0,0
"374","Shakespeare in Love (1998)",1998,1,1,0,1,1,1,0,1,1,1,0,1,1,0,1,1,1,1
"375","Shane (1953)",1953,1,1,0,0,1,0,0,0,0,0,0,1,0,0,0,0,0,0
"376","Shanghai Express (1931)",1931,1,1,0,0,1,0,0,0,0,0,0,0,0,0,0,0,0,0
"377","She Done Him Wrong (1932)",1932,1,0,0,0,0,0,0,0,0,0,0,0,0,0,0,0,0,0
"378","Shine (1996)",1996,1,1,1,0,0,0,0,1,1,1,0,1,0,0,0,0,0,0
"379","Ship of Fools (1965)",1965,1,0,1,1,1,1,1,0,0,0,0,1,0,0,1,0,0,0
"380","Sideways (2004)",2004,1,1,0,0,0,0,1,0,0,0,0,1,1,0,0,0,0,0
"381","Silver Linings Playbook (2012)",2012,1,1,1,1,0,0,1,0,1,0,0,1,1,0,0,0,0,0
"382","Since You Went Away (1944)",1944,1,0,0,1,1,1,0,0,1,1,0,1,1,1,0,0,0,0
"383","Skippy (1930)",1930,1,1,1,0,0,0,1,0,0,0,0,0,0,0,0,0,0,0
"384","Slumdog Millionaire (2008)",2008,1,1,0,0,1,0,1,0,1,1,1,0,0,0,0,0,1,1
"385","Smilin' Through (1932)",1932,1,0,0,0,0,0,0,0,0,0,0,0,0,0,0,0,0,0
"386","Sons and Lovers (1960)",1960,1,1,1,0,1,1,1,0,0,0,0,0,1,0,0,0,0,0
"387","Sound of Metal (2020)",2020,1,0,1,0,0,0,0,1,1,0,0,1,0,0,0,0,1,0
"388","Sounder (1972)",1972,1,0,1,1,0,0,1,0,0,0,0,0,0,0,0,0,0,0
"389","Spellbound (1945)",1945,1,1,0,0,1,0,0,0,0,1,0,1,0,1,0,0,0,0
"390","Spotlight (2015)",2015,1,1,0,0,0,0,0,1,1,0,0,1,1,0,0,0,0,1
"391","Stage Door (1937)",1937,1,1,0,0,0,0,0,0,0,0,0,0,1,0,0,0,0,0
"392","Stagecoach (1939)",1939,1,1,0,0,1,1,0,0,1,1,0,1,0,0,0,0,0,0
"393","Star Wars (1977)",1977,1,1,0,0,0,1,0,0,1,1,0,1,0,1,1,0,1,0
"394","State Fair (1932)",1932,1,0,0,0,0,0,1,0,0,0,0,0,0,0,0,0,0,0
"395","Sunset Blvd. (1950)",1950,1,1,1,1,1,1,0,1,1,1,0,1,1,0,0,0,0,0
"396","Suspicion (1941)",1941,1,0,0,1,0,0,0,0,0,1,0,0,0,0,0,0,0,0
"397","Taxi Driver (1976)",1976,1,0,1,0,0,0,0,0,0,1,0,0,1,0,0,0,0,0
"398","Tender Mercies (1983)",1983,1,1,1,0,0,0,0,1,0,0,1,0,0,0,0,0,0,0
"399","Terms of Endearment (1983)",1983,1,1,0,1,0,1,0,0,1,1,0,1,0,0,0,0,1,1
"400","Tess (1980)",1980,1,1,0,0,1,1,0,0,0,1,0,0,0,0,1,0,0,0
"401","Test Pilot (1938)",1938,1,0,0,0,0,0,0,0,1,0,0,0,0,0,0,0,0,0
"402","The Accidental Tourist (1988)",1988,1,0,0,0,0,0,0,0,0,1,0,0,1,0,0,0,0,0
"403","The Adventures of Robin Hood (1938)",1938,1,0,0,0,0,1,0,0,1,1,0,0,0,0,0,0,0,0
"404","The Alamo (1960)",1960,1,0,0,0,1,0,0,0,1,1,1,1,0,0,0,0,1,0
"405","The Apartment (1960)",1960,1,1,1,1,1,1,0,0,1,0,0,1,0,0,0,0,1,1
"406","The Artist (2011)",2011,1,1,1,0,1,1,0,1,1,1,0,0,1,0,1,0,0,1
"407","The Aviator (2004)",2004,1,1,1,0,1,1,0,1,1,0,0,1,1,0,1,0,1,0
"408","The Awful Truth (1937)",1937,1,1,0,1,0,0,0,0,1,0,0,1,0,0,0,0,0,0
"409","The Banshees of Inisherin (2022)",2022,1,1,1,0,0,0,0,1,1,1,0,1,1,0,0,0,0,0
"410","The Barretts of Wimpole Street (1934)",1934,1,0,0,1,0,0,0,0,0,0,0,0,0,0,0,0,0,0
"411","The Bells of St. Mary's (1945)",1945,1,1,1,1,0,0,0,0,1,1,1,0,0,0,0,0,1,0
"412","The Best Years of Our Lives (1946)",1946,1,1,1,0,0,0,0,0,1,1,0,1,0,0,0,0,1,1
"413","The Big Chill (1983)",1983,1,0,0,0,0,0,0,1,0,0,0,0,1,0,0,0,0,0
"414","The Big House (1929)",1929,1,0,1,0,0,0,0,0,0,0,0,0,0,0,0,0,1,0
"415","The Big Short (2015)",2015,1,1,0,0,0,0,1,0,1,0,0,1,0,0,0,0,0,0
"416","The Bishop's Wife (1947)",1947,1,1,0,0,0,0,0,0,1,1,0,0,0,0,0,0,1,0
"417","The Blind Side (2009)",2009,1,0,0,1,0,0,0,0,0,0,0,0,0,0,0,0,0,0
"418","The Bridge on the River Kwai (1957)",1957,1,1,1,0,1,0,1,0,1,1,0,1,0,0,0,0,0,1
"419","The Broadway Melody (1928)",1928,1,1,0,1,0,0,0,0,0,0,0,0,0,0,0,0,0,1
"420","The Caine Mutiny (1954)",1954,1,0,1,0,0,0,0,0,1,1,0,1,0,0,0,0,1,0
"421","The Champ (1931)",1931,1,1,1,0,0,0,0,0,0,0,0,0,0,0,0,0,0,0
"422","The Cider House Rules (1999)",1999,1,1,0,0,0,1,1,0,1,1,0,1,0,0,0,0,0,0
"423","The Citadel (1938)",1938,1,1,1,0,0,0,0,0,0,0,0,0,0,0,0,0,0,0
"424","The Color Purple (1985)",1985,1,0,0,1,1,1,0,0,0,1,1,0,1,0,1,1,0,0
"425","The Conversation (1974)",1974,1,0,0,0,0,0,0,1,0,0,0,0,0,0,0,0,1,0
"426","The Country Girl (1954)",1954,1,1,1,1,1,1,0,0,0,0,0,0,0,0,0,0,0,0
"427","The Crying Game (1992)",1992,1,1,1,0,0,0,0,1,1,0,0,1,0,0,0,0,0,0
"428","The Curious Case of Benjamin Button (2008)",2008,1,1,1,0,1,1,1,0,1,1,0,0,1,1,1,1,1,0
"429","The Deer Hunter (1978)",1978,1,1,1,0,1,0,0,1,1,0,0,1,1,0,0,0,1,1
"430","The Defiant Ones (1958)",1958,1,1,1,0,1,0,0,0,1,0,0,1,1,0,0,0,0,0
"431","The Departed (2006)",2006,1,1,0,0,0,0,1,0,1,0,0,1,0,0,0,0,0,1
"432","The Descendants (2011)",2011,1,1,1,0,0,0,1,0,1,0,0,0,0,0,0,0,0,0
"433","The Diary of Anne Frank (1959)",1959,1,1,0,0,1,1,0,0,0,1,0,1,1,0,1,0,0,0
"434","The Divorcee (1929)",1929,1,1,0,1,0,0,0,0,0,0,0,0,0,0,0,0,0,0
"435","The Dresser (1983)",1983,1,1,1,0,0,0,0,0,0,0,0,0,0,0,0,0,0,0
"436","The Elephant Man (1980)",1980,1,1,1,0,0,1,0,0,1,1,0,0,0,0,1,0,0,0
"437","The Emigrants (1972)",1972,1,1,0,1,0,0,1,0,0,0,0,0,0,0,0,0,0,0
"438","The English Patient (1996)",1996,1,1,1,1,1,1,1,0,1,1,0,0,1,0,1,0,1,1
"439","The Exorcist (1973)",1973,1,1,0,1,1,1,1,0,1,0,0,1,1,0,0,0,1,0
"440","The Fabelmans (2022)",2022,1,1,0,1,0,1,0,1,0,1,0,1,0,0,0,0,0,0
"441","The Father (2020)",2020,1,0,1,0,0,1,1,0,1,0,0,0,1,0,0,0,0,0
"442","The Favourite (2018)",2018,1,1,0,1,1,1,0,1,1,0,0,0,1,0,1,0,0,0
"443","The Fighter (2010)",2010,1,1,0,0,0,0,0,1,1,0,0,1,1,0,0,0,0,0
"444","The French Connection (1971)",1971,1,1,1,0,1,0,1,0,1,0,0,1,0,0,0,0,1,1
"445","The Front Page (1930)",1930,1,1,1,0,0,0,0,0,0,0,0,0,0,0,0,0,0,0
"446","The Fugitive (1993)",1993,1,0,0,0,1,0,0,0,1,1,0,1,0,0,0,0,1,0
"447","The Full Monty (1997)",1997,1,1,0,0,0,0,0,1,0,1,0,0,0,0,0,0,0,0
"448","The Gay Divorcee (1934)",1934,1,0,0,0,0,1,0,0,0,1,1,0,0,0,0,0,1,0
"449","The Godfather (1972)",1972,1,1,1,0,0,0,1,0,1,1,0,1,0,0,1,0,1,1
"450","The Godfather Part II (1974)",1974,1,1,1,0,0,1,0,0,0,1,0,1,1,0,1,0,0,1
"451","The Godfather, Part III (1990)",1990,1,1,0,0,1,1,0,0,1,0,1,1,0,0,0,0,0,0
"452","The Good Earth (1937)",1937,1,1,0,1,1,0,0,0,1,0,0,0,0,0,0,0,0,0
"453","The Goodbye Girl (1977)",1977,1,0,1,1,0,0,0,0,0,0,0,0,1,0,0,0,0,0
"454","The Graduate (1967)",1967,1,1,1,1,1,0,1,0,0,0,0,0,1,0,0,0,0,0
"455","The Grand Budapest Hotel (2014)",2014,1,1,0,0,1,1,0,1,1,1,0,0,0,0,1,1,0,0
"456","The Grapes of Wrath (1940)",1940,1,1,1,0,0,0,0,0,1,0,0,0,1,0,0,0,1,0
"457","The Great Dictator (1940)",1940,1,0,1,0,0,0,0,1,0,1,0,1,0,0,0,0,0,0
"458","The Great Ziegfeld (1936)",1936,1,1,0,1,0,1,0,0,1,0,0,0,0,0,0,0,0,1
"459","The Greatest Show on Earth (1952)",1952,1,1,0,0,0,0,0,0,1,0,0,0,0,0,1,0,0,1
"460","The Green Mile (1999)",1999,1,0,0,0,0,0,1,0,0,0,0,1,0,0,0,0,1,0
"461","The Guns of Navarone (1961)",1961,1,1,0,0,0,0,1,0,1,1,0,0,0,1,0,0,1,0
"462","The Heiress (1949)",1949,1,1,0,1,1,1,0,0,0,1,0,1,0,0,1,0,0,0
"463","The Help (2011)",2011,1,0,0,1,0,0,0,0,0,0,0,0,1,0,0,0,0,0
"464","The Hours (2002)",2002,1,1,0,1,0,0,1,0,1,1,0,1,1,0,1,0,0,0
"465","The House of Rothschild (1934)",1934,1,0,0,0,0,0,0,0,0,0,0,0,0,0,0,0,0,0
"466","The Human Comedy (1943)",1943,1,1,1,0,1,0,0,0,0,0,0,0,0,0,0,0,0,0
"467","The Hurt Locker (2009)",2009,1,1,1,0,1,0,0,1,1,1,0,0,0,0,0,0,1,1
"468","The Hustler (1961)",1961,1,1,1,1,1,1,1,0,0,0,0,1,0,0,0,0,0,0
"469","The Imitation Game (2014)",2014,1,1,1,0,0,1,1,0,1,1,0,0,1,0,0,0,0,0
"470","The Informer (1935)",1935,1,1,1,0,0,0,0,0,1,1,0,0,0,0,0,0,0,0
"471","The Insider (1999)",1999,1,1,1,0,1,0,1,0,1,0,0,0,0,0,0,0,1,0
"472","The Invaders (1942)",1942,1,0,0,0,0,0,0,0,0,0,0,0,0,0,0,0,0,0
"473","The Irishman (2019)",2019,1,1,0,0,1,1,1,0,1,0,0,1,0,1,1,0,0,0
"474","The Kids Are All Right (2010)",2010,1,0,0,1,0,0,0,1,0,0,0,1,0,0,0,0,0,0
"475","The Killing Fields (1984)",1984,1,1,1,0,1,0,0,0,1,0,0,1,0,0,0,0,0,0
"476","The King and I (1956)",1956,1,1,1,1,1,1,0,0,0,1,0,0,0,0,1,0,1,0
"477","The King's Speech (2010)",2010,1,1,1,0,1,1,0,1,1,1,0,1,1,0,1,0,1,1
"478","The Last Emperor (1987)",1987,1,1,0,0,1,1,0,0,1,1,0,0,0,0,1,0,1,1
"479","The Last Picture Show (1971)",1971,1,1,0,0,1,0,1,0,0,0,0,1,1,0,0,0,0,0
"480","The Letter (1940)",1940,1,1,0,1,1,0,0,0,1,1,0,1,0,0,0,0,0,0
"481","The Life of Emile Zola (1937)",1937,1,1,1,0,0,1,0,0,0,1,0,1,0,0,0,0,1,1
"482","The Lion in Winter (1968)",1968,1,1,1,1,0,0,1,0,0,0,0,0,0,0,1,0,0,0
"483","The Little Foxes (1941)",1941,1,1,0,1,0,1,0,0,1,1,0,0,1,0,0,0,0,0
"484","The Lives of a Bengal Lancer (1935)",1935,1,1,0,0,0,1,0,0,1,0,0,0,0,0,0,0,1,0
"485","The Long Voyage Home (1940)",1940,1,0,0,0,1,0,0,0,1,1,0,0,0,1,0,0,0,0
"486","The Longest Day (1962)",1962,1,0,0,0,1,1,0,0,1,0,0,0,0,1,0,0,0,0
"487","The Lord of the Rings: The Fellowship of the Ring (2001)",2001,1,1,0,0,1,1,1,0,1,1,1,1,0,1,1,1,1,0
"488","The Lord of the Rings: The Return of the King (2003)",2003,1,1,0,0,0,1,1,0,1,1,1,0,0,1,1,1,1,1
"489","The Lord of the Rings: The Two Towers (2002)",2002,1,0,0,0,0,1,0,0,1,0,0,0,0,1,0,0,1,0
"490","The Lost Weekend (1945)",1945,1,1,1,0,1,0,0,0,1,1,0,0,0,0,0,0,0,1
"491","The Love Parade (1929)",1929,1,1,0,0,1,1,0,0,0,0,0,0,0,0,0,0,1,0
"492","The Magnificent Ambersons (1942)",1942,1,0,0,0,1,1,0,0,0,0,0,0,1,0,0,0,0,0
"493","The Maltese Falcon (1941)",1941,1,0,0,0,0,0,0,0,0,0,0,1,0,0,0,0,0,0
"494","The Martian (2015)",2015,1,0,1,0,0,1,1,0,0,0,0,0,0,1,0,0,1,0
"495","The Mission (1986)",1986,1,1,0,0,1,1,0,0,1,1,0,0,0,0,1,0,0,0
"496","The More the Merrier (1943)",1943,1,1,0,1,0,0,0,0,0,0,0,1,0,0,0,0,0,0
"497","The Nun's Story (1959)",1959,1,1,0,1,1,0,1,0,1,1,0,0,0,0,0,0,1,0
"498","The Ox-Bow Incident (1943)",1943,1,0,0,0,0,0,0,0,0,0,0,0,0,0,0,0,0,0
"499","The Patriot (1928)",1928,1,1,1,0,0,1,0,0,0,0,0,0,0,0,0,0,0,0
"500","The Philadelphia Story (1940)",1940,1,1,1,1,0,0,0,0,0,0,0,0,1,0,0,0,0,0
"501","The Pianist (2002)",2002,1,1,1,0,1,0,1,0,1,0,0,0,0,0,1,0,0,0
"502","The Piano (1993)",1993,1,1,0,1,1,0,0,1,1,0,0,0,1,0,1,0,0,0
"503","The Pied Piper (1942)",1942,1,0,1,0,1,0,0,0,0,0,0,0,0,0,0,0,0,0
"504","The Post (2017)",2017,1,0,0,1,0,0,0,0,0,0,0,0,0,0,0,0,0,0
"505","The Postman (Il Postino) (1995)",1995,1,1,1,0,0,0,1,0,0,1,0,0,0,0,0,0,0,0
"506","The Power of the Dog (2021)",2021,1,1,1,0,1,1,1,0,1,1,0,1,1,0,0,0,1,0
"507","The Pride of the Yankees (1942)",1942,1,0,1,1,1,1,0,0,1,1,0,0,0,1,0,0,1,0
"508","The Prince of Tides (1991)",1991,1,0,1,0,1,1,1,0,0,1,0,0,1,0,0,0,0,0
"509","The Private Life of Henry VIII (1932)",1932,1,0,1,0,0,0,0,0,0,0,0,0,0,0,0,0,0,0
"510","The Queen (2006)",2006,1,1,0,1,0,0,0,1,0,1,0,0,0,0,1,0,0,0
"511","The Quiet Man (1952)",1952,1,1,0,0,1,1,0,0,0,0,0,1,0,0,0,0,1,0
"512","The Racket (1927)",1927,1,0,0,0,0,0,0,0,0,0,0,0,0,0,0,0,0,0
"513","The Razor's Edge (1946)",1946,1,0,0,0,0,1,0,0,0,0,0,1,1,0,0,0,0,0
"514","The Reader (2008)",2008,1,1,0,1,1,0,1,0,0,0,0,0,0,0,0,0,0,0
"515","The Red Shoes (1948)",1948,1,0,0,0,0,1,0,0,1,1,0,0,0,0,0,0,0,0
"516","The Remains of the Day (1993)",1993,1,1,1,1,0,1,1,0,0,1,0,0,0,0,1,0,0,0
"517","The Revenant (2015)",2015,1,1,1,0,1,1,0,0,1,0,0,1,0,1,1,1,1,0
"518","The Right Stuff (1983)",1983,1,0,0,0,1,1,0,0,1,1,0,1,0,0,0,0,1,0
"519","The Robe (1953)",1953,1,0,1,0,1,1,0,0,0,0,0,0,0,0,1,0,0,0
"520","The Rose Tattoo (1955)",1955,1,0,0,1,1,1,0,0,1,1,0,0,1,0,1,0,0,0
"521","The Russians Are Coming The Russians Are Coming (1966)",1966,1,0,1,0,0,0,1,0,1,0,0,0,0,0,0,0,0,0
"522","The Sand Pebbles (1966)",1966,1,0,1,0,1,1,0,0,1,0,0,1,0,0,0,0,1,0
"523","The Shape of Water (2017)",2017,1,1,0,1,1,1,0,1,1,1,0,1,1,0,1,0,1,1
"524","The Shawshank Redemption (1994)",1994,1,0,1,0,1,0,1,0,1,1,0,0,0,0,0,0,1,0
"525","The Silence of the Lambs (1991)",1991,1,1,1,1,0,0,1,0,1,0,0,0,0,0,0,0,1,1
"526","The Sixth Sense (1999)",1999,1,1,0,0,0,0,0,1,1,0,0,1,1,0,0,0,0,0
"527","The Smiling Lieutenant (1931)",1931,1,0,0,0,0,0,0,0,0,0,0,0,0,0,0,0,0,0
"528","The Snake Pit (1948)",1948,1,1,0,1,0,0,0,0,0,1,0,0,0,0,0,0,1,0
"529","The Social Network (2010)",2010,1,1,1,0,1,0,1,0,1,1,0,0,0,0,0,0,1,0
"530","The Song of Bernadette (1943)",1943,1,1,0,1,1,1,0,0,1,1,0,1,1,0,0,0,1,0
"531","The Sound of Music (1965)",1965,1,1,0,1,1,1,0,0,1,0,0,0,1,0,1,0,1,1
"532","The Sting (1973)",1973,1,1,1,0,1,1,0,0,1,0,0,0,0,0,1,0,1,1
"533","The Story of Louis Pasteur (1936)",1936,1,0,1,0,0,0,0,0,0,0,0,0,0,0,0,0,0,0
"534","The Sundowners (1960)",1960,1,1,0,1,0,0,1,0,0,0,0,0,1,0,0,0,0,0
"535","The Talk of the Town (1942)",1942,1,0,0,0,1,1,0,0,1,1,0,0,0,0,0,0,0,0
"536","The Ten Commandments (1956)",1956,1,0,0,0,1,1,0,0,1,0,0,0,0,1,1,0,1,0
"537","The Theory of Everything (2014)",2014,1,0,1,1,0,0,1,0,0,1,0,0,0,0,0,0,0,0
"538","The Thin Man (1934)",1934,1,1,1,0,0,0,1,0,0,0,0,0,0,0,0,0,0,0
"539","The Thin Red Line (1998)",1998,1,1,0,0,1,0,1,0,1,1,0,0,0,0,0,0,1,0
"540","The Towering Inferno (1974)",1974,1,0,0,0,1,1,0,0,1,1,1,1,0,0,0,0,1,0
"541","The Treasure of the Sierra Madre (1948)",1948,1,1,0,0,0,0,0,0,0,0,0,1,0,0,0,0,0,0
"542","The Tree of Life (2011)",2011,1,1,0,0,1,0,0,0,0,0,0,0,0,0,0,0,0,0
"543","The Trial of the Chicago 7 (2020)",2020,1,0,0,0,1,0,0,1,1,0,1,1,0,0,0,0,0,0
"544","The Turning Point (1977)",1977,1,1,0,1,1,1,0,0,1,0,0,1,1,0,0,0,1,0
"545","The Verdict (1982)",1982,1,1,1,0,0,0,0,0,0,0,0,1,0,0,0,0,0,0
"546","The White Parade (1934)",1934,1,0,0,0,0,0,0,0,0,0,0,0,0,0,0,0,1,0
"547","The Wizard of Oz (1939)",1939,1,0,0,0,1,1,0,0,0,1,1,0,0,1,0,0,0,0
"548","The Wolf of Wall Street (2013)",2013,1,1,1,0,0,0,1,0,0,0,0,1,0,0,0,0,0,0
"549","The Yearling (1946)",1946,1,1,1,1,1,1,0,0,1,0,0,0,0,0,0,0,0,0
"550","There Will Be Blood (2007)",2007,1,1,1,0,1,1,1,0,1,0,0,0,0,0,0,0,0,0
"551","Three Billboards outside Ebbing, Missouri (2017)",2017,1,0,0,1,0,0,0,1,1,1,0,1,0,0,0,0,0,0
"552","Three Coins in the Fountain (1954)",1954,1,0,0,0,1,0,0,0,0,0,1,0,0,0,0,0,0,0
"553","Three Smart Girls (1936)",1936,1,0,0,0,0,0,0,0,0,0,0,0,0,0,0,0,1,0
"554","Titanic (1997)",1997,1,1,0,1,1,1,0,0,1,1,1,0,1,1,1,1,1,1
"555","To Kill a Mockingbird (1962)",1962,1,1,1,0,1,1,1,0,0,0,0,0,1,0,0,0,0,0
"556","Tom Jones (1963)",1963,1,1,1,0,0,1,1,0,0,0,0,1,1,0,0,0,0,1
"557","Tootsie (1982)",1982,1,1,1,0,1,0,0,1,1,0,1,0,1,0,0,0,1,0
"558","Top Gun: Maverick (2022)",2022,1,0,0,0,0,0,1,0,1,0,1,0,0,1,0,0,1,0
"559","Top Hat (1935)",1935,1,0,0,0,0,1,0,0,0,0,1,0,0,0,0,0,0,0
"560","Toy Story 3 (2010)",2010,1,0,0,0,0,0,1,0,0,0,1,0,0,0,0,0,0,0
"561","Trader Horn (1930)",1930,1,0,0,0,0,0,0,0,0,0,0,0,0,0,0,0,0,0
"562","Traffic (2000)",2000,1,1,0,0,0,0,1,0,1,0,0,1,0,0,0,0,0,0
"563","Triangle of Sadness (2022)",2022,1,1,0,0,0,0,0,1,0,0,0,0,0,0,0,0,0,0
"564","True Grit (2010)",2010,1,1,1,0,1,1,1,0,0,0,0,0,1,0,1,0,1,0
"565","Twelve O'Clock High (1949)",1949,1,0,1,0,0,0,0,0,0,0,0,1,0,0,0,0,1,0
"566","Tár (2022)",2022,1,1,0,1,1,0,0,1,1,0,0,0,0,0,0,0,0,0
"567","Unforgiven (1992)",1992,1,1,1,0,1,1,0,1,1,0,0,1,0,0,0,0,1,1
"568","Up (2009)",2009,1,0,0,0,0,0,0,1,0,1,0,0,0,0,0,0,0,0
"569","Up in the Air (2009)",2009,1,1,1,0,0,0,1,0,0,0,0,0,1,0,0,0,0,0
"570","Vice (2018)",2018,1,1,1,0,0,0,0,1,1,0,0,1,1,0,0,1,0,0
"571","Viva Villa! (1934)",1934,1,0,0,0,0,0,1,0,0,0,0,0,0,0,0,0,1,0
"572","Wake Island (1942)",1942,1,1,0,0,0,0,0,1,0,0,0,1,0,0,0,0,0,0
"573","War Horse (2011)",2011,1,0,0,0,1,1,0,0,0,1,0,0,0,0,0,0,1,0
"574","Watch on the Rhine (1943)",1943,1,0,1,0,0,0,0,0,0,0,0,0,1,0,0,0,0,0
"575","West Side Story (1961)",1961,1,1,0,0,1,1,1,0,1,1,0,1,1,0,1,0,1,1
"576","West Side Story (2021)",2021,1,1,0,0,1,1,0,0,0,0,0,0,1,0,1,0,1,0
"577","Whiplash (2014)",2014,1,0,0,0,0,0,1,0,1,0,0,1,0,0,0,0,1,0
"578","Who's Afraid of Virginia Woolf? (1966)",1966,1,1,1,1,1,1,1,0,1,0,0,1,1,0,1,0,1,0
"579","Wilson (1944)",1944,1,1,1,0,1,1,0,1,1,1,0,0,0,1,0,0,1,0
"580","Wings (1927)",1927,1,0,0,0,0,0,0,0,0,0,0,0,0,1,0,0,0,1
"581","Winter's Bone (2010)",2010,1,0,0,1,0,0,1,0,0,0,0,1,0,0,0,0,0,0
"582","Witness (1985)",1985,1,1,1,0,1,1,0,1,1,1,0,0,0,0,0,0,0,0
"583","Witness for the Prosecution (1957)",1957,1,1,1,0,0,0,0,0,1,0,0,0,1,0,0,0,1,0
"584","Women Talking (2022)",2022,1,0,0,0,0,0,1,0,0,0,0,0,0,0,0,0,0,0
"585","Working Girl (1988)",1988,1,1,0,1,0,0,0,0,0,0,1,0,1,0,0,0,0,0
"586","Wuthering Heights (1939)",1939,1,1,1,0,1,1,0,0,0,1,0,0,1,0,0,0,0,0
"587","Yankee Doodle Dandy (1942)",1942,1,1,1,0,0,0,0,0,1,1,0,1,0,0,0,0,1,0
"588","You Can't Take It with You (1938)",1938,1,1,0,0,1,0,0,0,1,0,0,0,1,0,0,0,1,1
"589","Z (1969)",1969,1,1,0,0,0,0,1,0,1,0,0,0,0,0,0,0,0,0
"590","Zero Dark Thirty (2012)",2012,1,0,0,1,0,0,0,1,1,0,0,0,0,0,0,0,0,0
"591","Zorba the Greek (1964)",1964,1,1,1,0,1,1,1,0,0,0,0,0,1,0,0,0,0,0
